order_docnum,DocumentLines__LineNum,ItemCode,DocumentLines__ItemDescription,DocumentLines__Quantity,DocumentLines__ShipDate,DocumentLines__Price,DocumentLines__PriceAfterVAT,DocumentLines__Currency,DocumentLines__Rate,DocumentLines__DiscountPercent,DocumentLines__VendorNum,DocumentLines__SerialNum,DocumentLines__WarehouseCode,DocumentLines__SalesPersonCode,DocumentLines__CommisionPercent,DocumentLines__TreeType,DocumentLines__AccountCode,DocumentLines__UseBaseUnits,DocumentLines__SupplierCatNum,DocumentLines__CostingCode,DocumentLines__ProjectCode,DocumentLines__BarCode,DocumentLines__VatGroup,DocumentLines__Height1,DocumentLines__Hight1Unit,DocumentLines__Height2,DocumentLines__Height2Unit,DocumentLines__Lengh1,DocumentLines__Lengh1Unit,DocumentLines__Lengh2,DocumentLines__Lengh2Unit,DocumentLines__Weight1,DocumentLines__Weight1Unit,DocumentLines__Weight2,DocumentLines__Weight2Unit,DocumentLines__Factor1,DocumentLines__Factor2,DocumentLines__Factor3,DocumentLines__Factor4,DocumentLines__BaseType,DocumentLines__BaseEntry,DocumentLines__BaseLine,DocumentLines__Volume,DocumentLines__VolumeUnit,DocumentLines__Width1,DocumentLines__Width1Unit,DocumentLines__Width2,DocumentLines__Width2Unit,DocumentLines__Address,DocumentLines__TaxCode,DocumentLines__TaxType,DocumentLines__TaxLiable,DocumentLines__PickStatus,DocumentLines__PickQuantity,DocumentLines__PickListIdNumber,DocumentLines__OriginalItem,DocumentLines__BackOrder,DocumentLines__FreeText,DocumentLines__ShippingMethod,DocumentLines__POTargetNum,DocumentLines__POTargetEntry,DocumentLines__POTargetRowNum,DocumentLines__CorrectionInvoiceItem,DocumentLines__CorrInvAmountToStock,DocumentLines__CorrInvAmountToDiffAcct,DocumentLines__AppliedTax,DocumentLines__AppliedTaxFC,DocumentLines__AppliedTaxSC,DocumentLines__WTLiable,DocumentLines__DeferredTax,DocumentLines__EqualizationTaxPercent,DocumentLines__TotalEqualizationTax,DocumentLines__TotalEqualizationTaxFC,DocumentLines__TotalEqualizationTaxSC,DocumentLines__NetTaxAmount,DocumentLines__NetTaxAmountFC,DocumentLines__NetTaxAmountSC,DocumentLines__MeasureUnit,DocumentLines__UnitsOfMeasurment,DocumentLines__LineTotal,DocumentLines__TaxPercentagePerRow,DocumentLines__TaxTotal,DocumentLines__ConsumerSalesForecast,DocumentLines__ExciseAmount,DocumentLines__TaxPerUnit,DocumentLines__TotalInclTax,DocumentLines__CountryOrg,DocumentLines__SWW,DocumentLines__TransactionType,DocumentLines__DistributeExpense,DocumentLines__RowTotalFC,DocumentLines__RowTotalSC,DocumentLines__LastBuyInmPrice,DocumentLines__LastBuyDistributeSumFc,DocumentLines__LastBuyDistributeSumSc,DocumentLines__LastBuyDistributeSum,DocumentLines__StockDistributesumForeign,DocumentLines__StockDistributesumSystem,DocumentLines__StockDistributesum,DocumentLines__StockInmPrice,DocumentLines__PickStatusEx,DocumentLines__TaxBeforeDPM,DocumentLines__TaxBeforeDPMFC,DocumentLines__TaxBeforeDPMSC,DocumentLines__CFOPCode,DocumentLines__CSTCode,DocumentLines__Usage,DocumentLines__TaxOnly,DocumentLines__VisualOrder,DocumentLines__BaseOpenQuantity,DocumentLines__UnitPrice,DocumentLines__LineStatus,DocumentLines__PackageQuantity,DocumentLines__Text,DocumentLines__LineType,DocumentLines__COGSCostingCode,DocumentLines__COGSAccountCode,DocumentLines__ChangeAssemlyBoMWarehouse,DocumentLines__GrossBuyPrice,DocumentLines__GrossBase,DocumentLines__GrossProfitTotalBasePrice,DocumentLines__CostingCode2,DocumentLines__CostingCode3,DocumentLines__CostingCode4,DocumentLines__CostingCode5,DocumentLines__ItemDetails,DocumentLines__LocationCode,DocumentLines__ActualDeliveryDate,DocumentLines__RemainingOpenQuantity,DocumentLines__OpenAmount,DocumentLines__OpenAmountFC,DocumentLines__OpenAmountSC,DocumentLines__ExLineNo,DocumentLines__RequiredDate,DocumentLines__RequiredQuantity,DocumentLines__COGSCostingCode2,DocumentLines__COGSCostingCode3,DocumentLines__COGSCostingCode4,DocumentLines__COGSCostingCode5,DocumentLines__CSTforIPI,DocumentLines__CSTforPIS,DocumentLines__CSTforCOFINS,DocumentLines__CreditOriginCode,DocumentLines__WithoutInventoryMovement,DocumentLines__AgreementNo,DocumentLines__AgreementRowNumber,DocumentLines__ActualBaseEntry,DocumentLines__ActualBaseLine,DocumentLines__DocEntry,DocumentLines__Surpluses,DocumentLines__DefectAndBreakup,DocumentLines__Shortages,DocumentLines__ConsiderQuantity,DocumentLines__PartialRetirement,DocumentLines__RetirementQuantity,DocumentLines__RetirementAPC,DocumentLines__ThirdParty,DocumentLines__PoNum,DocumentLines__PoItmNum,DocumentLines__ExpenseType,DocumentLines__ReceiptNumber,DocumentLines__ExpenseOperationType,DocumentLines__FederalTaxID,DocumentLines__GrossProfit,DocumentLines__GrossProfitFC,DocumentLines__GrossProfitSC,DocumentLines__PriceSource,DocumentLines__StgSeqNum,DocumentLines__StgEntry,DocumentLines__StgDesc,DocumentLines__UoMEntry,DocumentLines__UoMCode,DocumentLines__InventoryQuantity,DocumentLines__RemainingOpenInventoryQuantity,DocumentLines__ParentLineNum,DocumentLines__Incoterms,DocumentLines__TransportMode,DocumentLines__NatureOfTransaction,DocumentLines__DestinationCountryForImport,DocumentLines__DestinationRegionForImport,DocumentLines__OriginCountryForExport,DocumentLines__OriginRegionForExport,DocumentLines__ItemType,DocumentLines__ChangeInventoryQuantityIndependently,DocumentLines__FreeOfChargeBP,DocumentLines__SACEntry,DocumentLines__HSNEntry,DocumentLines__GrossPrice,DocumentLines__GrossTotal,DocumentLines__GrossTotalFC,DocumentLines__GrossTotalSC,DocumentLines__NCMCode,DocumentLines__NVECode,DocumentLines__IndEscala,DocumentLines__CtrSealQty,DocumentLines__CNJPMan,DocumentLines__CESTCode,DocumentLines__UFFiscalBenefitCode,DocumentLines__ReverseCharge,DocumentLines__ShipToCode,DocumentLines__ShipToDescription,DocumentLines__OwnerCode,DocumentLines__ExternalCalcTaxRate,DocumentLines__ExternalCalcTaxAmount,DocumentLines__ExternalCalcTaxAmountFC,DocumentLines__ExternalCalcTaxAmountSC,DocumentLines__StandardItemIdentification,DocumentLines__CommodityClassification,DocumentLines__UnencumberedReason,DocumentLines__CUSplit,DocumentLines__U_SEI_IDEX,DocumentLines__U_SEI_CODMIN,DocumentLines__U_SEI_ITEMIN,DocumentLines__U_SBO_CantBulto,DocumentLines__U_SBO_StockVentas,DocumentLines__LineTaxJurisdictions__JurisdictionCode,DocumentLines__LineTaxJurisdictions__JurisdictionType,DocumentLines__LineTaxJurisdictions__TaxAmount,DocumentLines__LineTaxJurisdictions__TaxAmountSC,DocumentLines__LineTaxJurisdictions__TaxAmountFC,DocumentLines__LineTaxJurisdictions__TaxRate,DocumentLines__LineTaxJurisdictions__DocEntry,DocumentLines__LineTaxJurisdictions__LineNumber,DocumentLines__LineTaxJurisdictions__RowSequence,DocumentLines__LineTaxJurisdictions__ExternalCalcTaxRate,DocumentLines__LineTaxJurisdictions__ExternalCalcTaxAmount,DocumentLines__LineTaxJurisdictions__ExternalCalcTaxAmountFC,DocumentLines__LineTaxJurisdictions__ExternalCalcTaxAmountSC
4129,0,41-11-PTI7525,TABLERO 700x500x250mm con Puerta Interior,1.0,2022-09-26,89000.0,105910.0,$,0.0,3.0,,null,BV37,20,0.0,iNotATree,410101001,tNO,,VICTORIA,,null,IVA,0.0,null,0.0,null,0.0,null,0.0,null,0.0,null,0.0,null,1.0,1.0,1.0,1.0,23,6718,0,0.0,4,0.0,null,0.0,null,Victoria\r\rSANTIAGO\rCHILE,IVA,tt_Yes,tYES,tNO,0.0,null,null,tYES,,-1,null,,null,ciis_ShouldBe,0.0,0.0,16910.0,0.0,16910.0,tNO,tNO,0.0,0.0,0.0,0.0,16910.0,0.0,16910.0,null,1.0,89000.0,19.0,16910.0,tYES,0.0,0.0,0.0,null,,null,tYES,0.0,89000.0,0.0,0.0,0.0,0.0,0.0,0.0,0.0,0.0,dlps_NotPicked,0.0,0.0,0.0,null,null,null,tNO,0,1.0,91753.0,bost_Close,1.0,,dlt_Regular,VICTORIA,510101001,N,56888.0,-5,56888.0,TABL,COM,null,null,null,null,null,0.0,89000.0,0.0,89000.0,null,null,0.0,TABL,COM,null,null,null,null,null,null,tNO,null,null,null,null,5080,0.0,0.0,0.0,tNO,tNO,0.0,0.0,tNO,null,null,null,null,null,null,32112.0,0.0,32112.0,dpsManual,null,null,null,-1,Manual,1.0,0.0,null,0,0,null,null,null,null,null,dit_Item,tNO,tNO,null,null,109186.0,105910.0,0.0,105910.0,-1,null,tNO,0.0,null,-1,null,tNO,DESPACHO,ISLA TIERRA DEL FUEGO 8630\r\rSANTIAGO\rCHILE,11,0.0,0.0,0.0,0.0,0,0,null,tNO,null,null,null,null,200.0,IVA,1,16910.0,16910.0,0.0,19.0,5080,0,0,0.0,0.0,0.0,0.0
4132,0,14-12-91591,BISAGRA SEMI EMBUTIDA 180º NEGRO CHICA,40.0,2022-09-26,1280.0,1523.0,$,0.0,0.0,,null,BVM,20,0.0,iNotATree,410101001,tNO,,VICTORIA,,null,IVA,0.0,null,0.0,null,0.0,null,0.0,null,0.0,null,0.0,null,1.0,1.0,1.0,1.0,23,6722,0,0.0,4,0.0,null,0.0,null,Vicuña Mackena\r\rSANTIAGO\rCHILE,IVA,tt_Yes,tYES,tNO,0.0,null,null,tYES,,-1,null,,null,ciis_ShouldBe,0.0,0.0,9728.0,0.0,9728.0,tNO,tNO,0.0,0.0,0.0,0.0,9728.0,0.0,9728.0,null,1.0,51200.0,19.0,9728.0,tYES,0.0,0.0,0.0,null,,null,tYES,0.0,51200.0,0.0,0.0,0.0,0.0,0.0,0.0,0.0,0.0,dlps_NotPicked,0.0,0.0,0.0,null,null,null,tNO,0,40.0,1280.0,bost_Close,40.0,,dlt_Regular,VICTORIA,510101001,N,560.0,-5,22403.0,CBE,COM,null,null,null,null,null,0.0,51200.0,0.0,51200.0,null,null,0.0,CBE,COM,null,null,null,null,null,null,tNO,null,null,null,null,5084,0.0,0.0,0.0,tNO,tNO,0.0,0.0,tNO,null,null,null,null,null,null,28797.0,0.0,28797.0,dpsManual,null,null,null,-1,Manual,40.0,0.0,null,0,0,null,null,null,null,null,dit_Item,tNO,tNO,null,null,1523.0,60920.0,0.0,60920.0,-1,null,tNO,0.0,null,-1,null,tNO,DESPACHO,JOSE JOAQUIN PEREZ 520\r\rSANTIAGO\rCHILE,11,0.0,0.0,0.0,0.0,0,0,null,tNO,null,null,null,null,5123.0,IVA,1,9728.0,9728.0,0.0,19.0,5084,0,0,0.0,0.0,0.0,0.0
4130,0,18-14-LED22-R,LUZ PILOTO LED AC220 ROJO,30.0,2022-09-26,727.0,865.0,$,0.0,5.0,,null,BVM,20,0.0,iNotATree,410101001,tNO,,VICTORIA,,null,IVA,0.0,null,0.0,null,0.0,null,0.0,null,0.0,null,0.0,null,1.0,1.0,1.0,1.0,23,6720,0,0.0,4,0.0,null,0.0,null,Vicuña Mackena\r\rSANTIAGO\rCHILE,IVA,tt_Yes,tYES,tNO,0.0,null,null,tYES,,-1,null,,null,ciis_ShouldBe,0.0,0.0,4143.0,0.0,4143.0,tNO,tNO,0.0,0.0,0.0,0.0,4143.0,0.0,4143.0,null,1.0,21803.0,19.0,4143.0,tYES,0.0,0.0,0.0,null,,null,tYES,0.0,21803.0,0.0,0.0,0.0,0.0,0.0,0.0,0.0,0.0,dlps_NotPicked,0.0,0.0,0.0,null,null,null,tNO,0,30.0,765.0,bost_Close,30.0,,dlt_Regular,VICTORIA,510101001,N,364.0,-5,10920.0,MISCELA,COM,null,null,null,null,null,0.0,21803.0,0.0,21803.0,null,null,0.0,MISCELA,COM,null,null,null,null,null,null,tNO,null,null,null,null,5081,0.0,0.0,0.0,tNO,tNO,0.0,0.0,tNO,null,null,null,null,null,null,10883.0,0.0,10883.0,dpsManual,null,null,null,-1,Manual,30.0,0.0,null,0,0,null,null,null,null,null,dit_Item,tNO,tNO,null,null,910.0,25950.0,0.0,25950.0,-1,null,tNO,0.0,null,-1,null,tNO,DESPACHO,ISLA TIERRA DEL FUEGO 8630\r\rSANTIAGO\rCHILE,11,0.0,0.0,0.0,0.0,0,0,null,tNO,null,null,null,null,3776.0,IVA,1,4143.0,4143.0,0.0,19.0,5081,0,0,0.0,0.0,0.0,0.0
4130,1,18-15-RT18-32X1,PORTA FUSIBLE C/INDICADOR 1P,24.0,2022-09-26,1524.0,1814.0,$,0.0,5.0,,null,BVM,20,0.0,iNotATree,410101001,tNO,,VICTORIA,,null,IVA,0.0,null,0.0,null,0.0,null,0.0,null,0.0,null,0.0,null,1.0,1.0,1.0,1.0,23,6720,1,0.0,4,0.0,null,0.0,null,Vicuña Mackena\r\rSANTIAGO\rCHILE,IVA,tt_Yes,tYES,tNO,0.0,null,null,tYES,,-1,null,,null,ciis_ShouldBe,0.0,0.0,6948.0,0.0,6948.0,tNO,tNO,0.0,0.0,0.0,0.0,6948.0,0.0,6948.0,null,1.0,36571.0,19.0,6948.0,tYES,0.0,0.0,0.0,null,,null,tYES,0.0,36571.0,0.0,0.0,0.0,0.0,0.0,0.0,0.0,0.0,dlps_NotPicked,0.0,0.0,0.0,null,null,null,tNO,1,24.0,1604.0,bost_Close,24.0,,dlt_Regular,VICTORIA,510101001,N,854.0,-5,20496.0,MISCELA,COM,null,null,null,null,null,0.0,36571.0,0.0,36571.0,null,null,0.0,MISCELA,COM,null,null,null,null,null,null,tNO,null,null,null,null,5081,0.0,0.0,0.0,tNO,tNO,0.0,0.0,tNO,null,null,null,null,null,null,16075.0,0.0,16075.0,dpsManual,null,null,null,-1,Manual,24.0,0.0,null,0,0,null,null,null,null,null,dit_Item,tNO,tNO,null,null,1909.0,43536.0,0.0,43536.0,-1,null,tNO,0.0,null,-1,null,tNO,DESPACHO,ISLA TIERRA DEL FUEGO 8630\r\rSANTIAGO\rCHILE,11,0.0,0.0,0.0,0.0,0,0,null,tNO,null,null,null,null,4546.0,IVA,1,6948.0,6948.0,0.0,19.0,5081,1,1,0.0,0.0,0.0,0.0
4130,2,18-15-FUSE10X38,FUSIBLE 10x38 2A,24.0,2022-09-26,237.0,282.0,$,0.0,5.0,,null,BVM,20,0.0,iNotATree,410101001,tNO,,VICTORIA,,null,IVA,0.0,null,0.0,null,0.0,null,0.0,null,0.0,null,0.0,null,1.0,1.0,1.0,1.0,23,6720,2,0.0,4,0.0,null,0.0,null,Vicuña Mackena\r\rSANTIAGO\rCHILE,IVA,tt_Yes,tYES,tNO,0.0,null,null,tYES,,-1,null,,null,ciis_ShouldBe,0.0,0.0,1079.0,0.0,1079.0,tNO,tNO,0.0,0.0,0.0,0.0,1079.0,0.0,1079.0,null,1.0,5677.0,19.0,1079.0,tYES,0.0,0.0,0.0,null,,null,tYES,0.0,5677.0,0.0,0.0,0.0,0.0,0.0,0.0,0.0,0.0,dlps_NotPicked,0.0,0.0,0.0,null,null,null,tNO,2,24.0,249.0,bost_Close,24.0,,dlt_Regular,VICTORIA,510101001,N,104.0,-5,2496.0,MISCELA,COM,null,null,null,null,null,0.0,5677.0,0.0,5677.0,null,null,0.0,MISCELA,COM,null,null,null,null,null,null,tNO,null,null,null,null,5081,0.0,0.0,0.0,tNO,tNO,0.0,0.0,tNO,null,null,null,null,null,null,3181.0,0.0,3181.0,dpsManual,null,null,null,-1,Manual,24.0,0.0,null,0,0,null,null,null,null,null,dit_Item,tNO,tNO,null,null,296.0,6768.0,0.0,6768.0,-1,null,tNO,0.0,null,-1,null,tNO,DESPACHO,ISLA TIERRA DEL FUEGO 8630\r\rSANTIAGO\rCHILE,11,0.0,0.0,0.0,0.0,0,0,null,tNO,null,null,null,null,6714.0,IVA,1,1079.0,1079.0,0.0,19.0,5081,2,2,0.0,0.0,0.0,0.0
4130,3,15-12-8080-16,CANALETA 80 x 80 RANURADA GRIS,10.0,2022-09-26,11714.0,13940.0,$,0.0,5.0,,null,BVM,20,0.0,iNotATree,410101001,tNO,,VICTORIA,,null,IVA,0.0,null,0.0,null,0.0,null,0.0,null,0.0,null,0.0,null,1.0,1.0,1.0,1.0,23,6720,3,0.0,4,0.0,null,0.0,null,Vicuña Mackena\r\rSANTIAGO\rCHILE,IVA,tt_Yes,tYES,tNO,0.0,null,null,tYES,,-1,null,,null,ciis_ShouldBe,0.0,0.0,22255.0,0.0,22255.0,tNO,tNO,0.0,0.0,0.0,0.0,22255.0,0.0,22255.0,null,1.0,117135.0,19.0,22255.0,tYES,0.0,0.0,0.0,null,,null,tYES,0.0,117135.0,0.0,0.0,0.0,0.0,0.0,0.0,0.0,0.0,dlps_NotPicked,0.0,0.0,0.0,null,null,null,tNO,3,10.0,12330.0,bost_Close,10.0,,dlt_Regular,VICTORIA,510101001,N,6877.0,-5,68770.0,MISCELA,COM,null,null,null,null,null,0.0,117135.0,0.0,117135.0,null,null,0.0,MISCELA,COM,null,null,null,null,null,null,tNO,null,null,null,null,5081,0.0,0.0,0.0,tNO,tNO,0.0,0.0,tNO,null,null,null,null,null,null,48365.0,0.0,48365.0,dpsManual,null,null,null,-1,Manual,10.0,0.0,null,0,0,null,null,null,null,null,dit_Item,tNO,tNO,null,null,14673.0,139400.0,0.0,139400.0,-1,null,tNO,0.0,null,-1,null,tNO,DESPACHO,ISLA TIERRA DEL FUEGO 8630\r\rSANTIAGO\rCHILE,11,0.0,0.0,0.0,0.0,0,0,null,tNO,null,null,null,null,1394.0,IVA,1,22255.0,22255.0,0.0,19.0,5081,3,3,0.0,0.0,0.0,0.0
4130,4,20-11-05030-6,COBRE Desnudo 05 x 30 (400 A),2.0,2022-09-26,16273.0,19365.0,$,0.0,5.0,,null,BVM,20,0.0,iNotATree,410101001,tNO,,VICTORIA,,null,IVA,0.0,null,0.0,null,0.0,null,0.0,null,0.0,null,0.0,null,1.0,1.0,1.0,1.0,23,6720,4,0.0,4,0.0,null,0.0,null,Vicuña Mackena\r\rSANTIAGO\rCHILE,IVA,tt_Yes,tYES,tNO,0.0,null,null,tYES,,-1,null,,null,ciis_ShouldBe,0.0,0.0,6184.0,0.0,6184.0,tNO,tNO,0.0,0.0,0.0,0.0,6184.0,0.0,6184.0,null,1.0,32545.0,19.0,6184.0,tYES,0.0,0.0,0.0,null,,null,tYES,0.0,32545.0,0.0,0.0,0.0,0.0,0.0,0.0,0.0,0.0,dlps_NotPicked,0.0,0.0,0.0,null,null,null,tNO,4,2.0,17129.0,bost_Close,2.0,,dlt_Regular,VICTORIA,510101001,N,10888.0,-5,21775.0,COBRE,COM,null,null,null,null,null,0.0,32545.0,0.0,32545.0,null,null,0.0,COBRE,COM,null,null,null,null,null,null,tNO,null,null,null,null,5081,0.0,0.0,0.0,tNO,tNO,0.0,0.0,tNO,null,null,null,null,null,null,10770.0,0.0,10770.0,dpsManual,null,null,null,-1,Manual,2.0,0.0,null,0,0,null,null,null,null,null,dit_Item,tNO,tNO,null,null,20384.0,38730.0,0.0,38730.0,-1,null,tNO,0.0,null,-1,null,tNO,DESPACHO,ISLA TIERRA DEL FUEGO 8630\r\rSANTIAGO\rCHILE,11,0.0,0.0,0.0,0.0,0,0,null,tNO,null,null,null,null,881.0,IVA,1,6184.0,6184.0,0.0,19.0,5081,4,4,0.0,0.0,0.0,0.0
4130,5,15-11-CV200,"AMARRA PLAST 200 x 3,2mm (100 U)",5.0,2022-09-26,1676.0,1994.0,$,0.0,5.0,,null,BVM,20,0.0,iNotATree,410101001,tNO,,VICTORIA,,null,IVA,0.0,null,0.0,null,0.0,null,0.0,null,0.0,null,0.0,null,1.0,1.0,1.0,1.0,23,6720,5,0.0,4,0.0,null,0.0,null,Vicuña Mackena\r\rSANTIAGO\rCHILE,IVA,tt_Yes,tYES,tNO,0.0,null,null,tYES,,-1,null,,null,ciis_ShouldBe,0.0,0.0,1592.0,0.0,1592.0,tNO,tNO,0.0,0.0,0.0,0.0,1592.0,0.0,1592.0,null,1.0,8379.0,19.0,1592.0,tYES,0.0,0.0,0.0,null,,null,tYES,0.0,8379.0,0.0,0.0,0.0,0.0,0.0,0.0,0.0,0.0,dlps_NotPicked,0.0,0.0,0.0,null,null,null,tNO,5,5.0,1764.0,bost_Close,5.0,,dlt_Regular,VICTORIA,510101001,N,955.0,-5,4775.0,MISCELA,COM,null,null,null,null,null,0.0,8379.0,0.0,8379.0,null,null,0.0,MISCELA,COM,null,null,null,null,null,null,tNO,null,null,null,null,5081,0.0,0.0,0.0,tNO,tNO,0.0,0.0,tNO,null,null,null,null,null,null,3604.0,0.0,3604.0,dpsManual,null,null,null,-1,Manual,5.0,0.0,null,0,0,null,null,null,null,null,dit_Item,tNO,tNO,null,null,2099.0,9970.0,0.0,9970.0,-1,null,tNO,0.0,null,-1,null,tNO,DESPACHO,ISLA TIERRA DEL FUEGO 8630\r\rSANTIAGO\rCHILE,11,0.0,0.0,0.0,0.0,0,0,null,tNO,null,null,null,null,1918.0,IVA,1,1592.0,1592.0,0.0,19.0,5081,5,5,0.0,0.0,0.0,0.0
4130,6,15-11-CV150,"AMARRA PLAST 150 x 3,6mm (100 U)",5.0,2022-09-26,1240.0,1476.0,$,0.0,5.0,,null,BVM,20,0.0,iNotATree,410101001,tNO,,VICTORIA,,null,IVA,0.0,null,0.0,null,0.0,null,0.0,null,0.0,null,0.0,null,1.0,1.0,1.0,1.0,23,6720,6,0.0,4,0.0,null,0.0,null,Vicuña Mackena\r\rSANTIAGO\rCHILE,IVA,tt_Yes,tYES,tNO,0.0,null,null,tYES,,-1,null,,null,ciis_ShouldBe,0.0,0.0,1178.0,0.0,1178.0,tNO,tNO,0.0,0.0,0.0,0.0,1178.0,0.0,1178.0,null,1.0,6199.0,19.0,1178.0,tYES,0.0,0.0,0.0,null,,null,tYES,0.0,6199.0,0.0,0.0,0.0,0.0,0.0,0.0,0.0,0.0,dlps_NotPicked,0.0,0.0,0.0,null,null,null,tNO,6,5.0,1305.0,bost_Close,5.0,,dlt_Regular,VICTORIA,510101001,N,724.0,-5,3620.0,MISCELA,COM,null,null,null,null,null,0.0,6199.0,0.0,6199.0,null,null,0.0,MISCELA,COM,null,null,null,null,null,null,tNO,null,null,null,null,5081,0.0,0.0,0.0,tNO,tNO,0.0,0.0,tNO,null,null,null,null,null,null,2579.0,0.0,2579.0,dpsManual,null,null,null,-1,Manual,5.0,0.0,null,0,0,null,null,null,null,null,dit_Item,tNO,tNO,null,null,1553.0,7380.0,0.0,7380.0,-1,null,tNO,0.0,null,-1,null,tNO,DESPACHO,ISLA TIERRA DEL FUEGO 8630\r\rSANTIAGO\rCHILE,11,0.0,0.0,0.0,0.0,0,0,null,tNO,null,null,null,null,1111.0,IVA,1,1178.0,1178.0,0.0,19.0,5081,6,6,0.0,0.0,0.0,0.0
4130,7,15-11-CV300S-D,"AMARRA PLAST 300 x 4,8mm (100 U)",5.0,2022-09-26,3600.0,4284.0,$,0.0,5.0,,null,BVM,20,0.0,iNotATree,410101001,tNO,,VICTORIA,,null,IVA,0.0,null,0.0,null,0.0,null,0.0,null,0.0,null,0.0,null,1.0,1.0,1.0,1.0,23,6720,7,0.0,4,0.0,null,0.0,null,Vicuña Mackena\r\rSANTIAGO\rCHILE,IVA,tt_Yes,tYES,tNO,0.0,null,null,tYES,,-1,null,,null,ciis_ShouldBe,0.0,0.0,3420.0,0.0,3420.0,tNO,tNO,0.0,0.0,0.0,0.0,3420.0,0.0,3420.0,null,1.0,17998.0,19.0,3420.0,tYES,0.0,0.0,0.0,null,,null,tYES,0.0,17998.0,0.0,0.0,0.0,0.0,0.0,0.0,0.0,0.0,dlps_NotPicked,0.0,0.0,0.0,null,null,null,tNO,7,5.0,3789.0,bost_Close,5.0,,dlt_Regular,VICTORIA,510101001,N,2117.0,-5,10585.0,MISCELA,COM,null,null,null,null,null,0.0,17998.0,0.0,17998.0,null,null,0.0,MISCELA,COM,null,null,null,null,null,null,tNO,null,null,null,null,5081,0.0,0.0,0.0,tNO,tNO,0.0,0.0,tNO,null,null,null,null,null,null,7413.0,0.0,7413.0,dpsManual,null,null,null,-1,Manual,5.0,0.0,null,0,0,null,null,null,null,null,dit_Item,tNO,tNO,null,null,4509.0,21420.0,0.0,21420.0,-1,null,tNO,0.0,null,-1,null,tNO,DESPACHO,ISLA TIERRA DEL FUEGO 8630\r\rSANTIAGO\rCHILE,11,0.0,0.0,0.0,0.0,0,0,null,tNO,null,null,null,null,2303.0,IVA,1,3420.0,3420.0,0.0,19.0,5081,7,7,0.0,0.0,0.0,0.0
4130,8,26-14-43911/F,RIEL DIN RANURADO ZINCADO 35X15mm (2MTS) (H15),2.0,2022-09-26,7385.0,8788.0,$,0.0,5.0,,null,BVM,20,0.0,iNotATree,410101001,tNO,,VICTORIA,,null,IVA,0.0,null,0.0,null,0.0,null,0.0,null,0.0,null,0.0,null,1.0,1.0,1.0,1.0,23,6720,8,0.0,4,0.0,null,0.0,null,Vicuña Mackena\r\rSANTIAGO\rCHILE,IVA,tt_Yes,tYES,tNO,0.0,null,null,tYES,,-1,null,,null,ciis_ShouldBe,0.0,0.0,2806.0,0.0,2806.0,tNO,tNO,0.0,0.0,0.0,0.0,2806.0,0.0,2806.0,null,1.0,14771.0,19.0,2806.0,tYES,0.0,0.0,0.0,null,,null,tYES,0.0,14771.0,0.0,0.0,0.0,0.0,0.0,0.0,0.0,0.0,dlps_NotPicked,0.0,0.0,0.0,null,null,null,tNO,8,2.0,7774.0,bost_Close,2.0,,dlt_Regular,VICTORIA,510101001,N,4310.0,-5,8620.0,MISCELA,COM,null,null,null,null,null,0.0,14771.0,0.0,14771.0,null,null,0.0,MISCELA,COM,null,null,null,null,null,null,tNO,null,null,null,null,5081,0.0,0.0,0.0,tNO,tNO,0.0,0.0,tNO,null,null,null,null,null,null,6151.0,0.0,6151.0,dpsManual,null,null,null,-1,Manual,2.0,0.0,null,0,0,null,null,null,null,null,dit_Item,tNO,tNO,null,null,9251.0,17576.0,0.0,17576.0,-1,null,tNO,0.0,null,-1,null,tNO,DESPACHO,ISLA TIERRA DEL FUEGO 8630\r\rSANTIAGO\rCHILE,11,0.0,0.0,0.0,0.0,0,0,null,tNO,null,null,null,null,301.0,IVA,1,2806.0,2806.0,0.0,19.0,5081,8,8,0.0,0.0,0.0,0.0
4130,9,31-11-RV5.5-6,ANILLO 12-10 AWG AMARILLO M6 (100 U),5.0,2022-09-26,3445.0,4099.0,$,0.0,5.0,,null,BVM,20,0.0,iNotATree,410101001,tNO,,VICTORIA,,null,IVA,0.0,null,0.0,null,0.0,null,0.0,null,0.0,null,0.0,null,1.0,1.0,1.0,1.0,23,6720,9,0.0,4,0.0,null,0.0,null,Vicuña Mackena\r\rSANTIAGO\rCHILE,IVA,tt_Yes,tYES,tNO,0.0,null,31-11-RV2-5,tYES,,-1,null,,null,ciis_ShouldBe,0.0,0.0,3273.0,0.0,3273.0,tNO,tNO,0.0,0.0,0.0,0.0,3273.0,0.0,3273.0,null,1.0,17224.0,19.0,3273.0,tYES,0.0,0.0,0.0,null,,null,tYES,0.0,17224.0,0.0,0.0,0.0,0.0,0.0,0.0,0.0,0.0,dlps_NotPicked,0.0,0.0,0.0,null,null,null,tNO,9,5.0,3626.0,bost_Close,5.0,,dlt_Regular,VICTORIA,510101001,N,2006.0,-5,10029.0,MISCELA,COM,null,null,null,null,null,0.0,17224.0,0.0,17224.0,null,null,0.0,MISCELA,COM,null,null,null,null,null,null,tNO,null,null,null,null,5081,0.0,0.0,0.0,tNO,tNO,0.0,0.0,tNO,null,null,null,null,null,null,7195.0,0.0,7195.0,dpsManual,null,null,null,-1,Manual,5.0,0.0,null,0,0,null,null,null,null,null,dit_Item,tNO,tNO,null,null,4315.0,20495.0,0.0,20495.0,-1,null,tNO,0.0,null,-1,null,tNO,DESPACHO,ISLA TIERRA DEL FUEGO 8630\r\rSANTIAGO\rCHILE,11,0.0,0.0,0.0,0.0,0,0,null,tNO,null,null,null,null,570.0,IVA,1,3273.0,3273.0,0.0,19.0,5081,9,9,0.0,0.0,0.0,0.0
4130,10,31-11-RV2-4,ANILLO 16-14 AWG AZUL M4 (100 U),5.0,2022-09-26,1815.0,2160.0,$,0.0,5.0,,null,BVM,20,0.0,iNotATree,410101001,tNO,,VICTORIA,,null,IVA,0.0,null,0.0,null,0.0,null,0.0,null,0.0,null,0.0,null,1.0,1.0,1.0,1.0,23,6720,10,0.0,4,0.0,null,0.0,null,Vicuña Mackena\r\rSANTIAGO\rCHILE,IVA,tt_Yes,tYES,tNO,0.0,null,null,tYES,,-1,null,,null,ciis_ShouldBe,0.0,0.0,1725.0,0.0,1725.0,tNO,tNO,0.0,0.0,0.0,0.0,1725.0,0.0,1725.0,null,1.0,9077.0,19.0,1725.0,tYES,0.0,0.0,0.0,null,,null,tYES,0.0,9077.0,0.0,0.0,0.0,0.0,0.0,0.0,0.0,0.0,dlps_NotPicked,0.0,0.0,0.0,null,null,null,tNO,10,5.0,1911.0,bost_Close,5.0,,dlt_Regular,VICTORIA,510101001,N,655.0,-5,3275.0,MISCELA,COM,null,null,null,null,null,0.0,9077.0,0.0,9077.0,null,null,0.0,MISCELA,COM,null,null,null,null,null,null,tNO,null,null,null,null,5081,0.0,0.0,0.0,tNO,tNO,0.0,0.0,tNO,null,null,null,null,null,null,5802.0,0.0,5802.0,dpsManual,null,null,null,-1,Manual,5.0,0.0,null,0,0,null,null,null,null,null,dit_Item,tNO,tNO,null,null,2274.0,10800.0,0.0,10800.0,-1,null,tNO,0.0,null,-1,null,tNO,DESPACHO,ISLA TIERRA DEL FUEGO 8630\r\rSANTIAGO\rCHILE,11,0.0,0.0,0.0,0.0,0,0,null,tNO,null,null,null,null,149.0,IVA,1,1725.0,1725.0,0.0,19.0,5081,10,10,0.0,0.0,0.0,0.0
4130,11,20-11-05020-6,COBRE Desnudo 05 x 20  (295 A),2.0,2022-09-26,10648.0,12671.0,$,0.0,5.0,,null,BVM,20,0.0,iNotATree,410101001,tNO,,VICTORIA,,null,IVA,0.0,null,0.0,null,0.0,null,0.0,null,0.0,null,0.0,null,1.0,1.0,1.0,1.0,23,6720,11,0.0,4,0.0,null,0.0,null,Vicuña Mackena\r\rSANTIAGO\rCHILE,IVA,tt_Yes,tYES,tNO,0.0,null,null,tYES,,-1,null,,null,ciis_ShouldBe,0.0,0.0,4046.0,0.0,4046.0,tNO,tNO,0.0,0.0,0.0,0.0,4046.0,0.0,4046.0,null,1.0,21295.0,19.0,4046.0,tYES,0.0,0.0,0.0,null,,null,tYES,0.0,21295.0,0.0,0.0,0.0,0.0,0.0,0.0,0.0,0.0,dlps_NotPicked,0.0,0.0,0.0,null,null,null,tNO,11,2.0,11208.0,bost_Close,2.0,,dlt_Regular,VICTORIA,510101001,N,6910.0,-5,13820.0,COBRE,COM,null,null,null,null,null,0.0,21295.0,0.0,21295.0,null,null,0.0,COBRE,COM,null,null,null,null,null,null,tNO,null,null,null,null,5081,0.0,0.0,0.0,tNO,tNO,0.0,0.0,tNO,null,null,null,null,null,null,7475.0,0.0,7475.0,dpsManual,null,null,null,-1,Manual,2.0,0.0,null,0,0,null,null,null,null,null,dit_Item,tNO,tNO,null,null,13338.0,25342.0,0.0,25342.0,-1,null,tNO,0.0,null,-1,null,tNO,DESPACHO,ISLA TIERRA DEL FUEGO 8630\r\rSANTIAGO\rCHILE,11,0.0,0.0,0.0,0.0,0,0,null,tNO,null,null,null,null,1945.0,IVA,1,4046.0,4046.0,0.0,19.0,5081,11,11,0.0,0.0,0.0,0.0
4130,12,31-12-E1508,"FERRULE 1,5 mm (16 AWG) NEGRO (100 U)",5.0,2022-09-26,345.0,411.0,$,0.0,5.0,,null,BVM,20,0.0,iNotATree,410101001,tNO,,VICTORIA,,null,IVA,0.0,null,0.0,null,0.0,null,0.0,null,0.0,null,0.0,null,1.0,1.0,1.0,1.0,23,6720,13,0.0,4,0.0,null,0.0,null,Vicuña Mackena\r\rSANTIAGO\rCHILE,IVA,tt_Yes,tYES,tNO,0.0,null,null,tYES,,-1,null,,null,ciis_ShouldBe,0.0,0.0,328.0,0.0,328.0,tNO,tNO,0.0,0.0,0.0,0.0,328.0,0.0,328.0,null,1.0,1724.0,19.0,328.0,tYES,0.0,0.0,0.0,null,,null,tYES,0.0,1724.0,0.0,0.0,0.0,0.0,0.0,0.0,0.0,0.0,dlps_NotPicked,0.0,0.0,0.0,null,null,null,tNO,12,5.0,363.0,bost_Close,5.0,,dlt_Regular,VICTORIA,510101001,N,196.0,-5,978.0,MISCELA,COM,null,null,null,null,null,0.0,1724.0,0.0,1724.0,null,null,0.0,MISCELA,COM,null,null,null,null,null,null,tNO,null,null,null,null,5081,0.0,0.0,0.0,tNO,tNO,0.0,0.0,tNO,null,null,null,null,null,null,746.0,0.0,746.0,dpsManual,null,null,null,-1,Manual,5.0,0.0,null,0,0,null,null,null,null,null,dit_Item,tNO,tNO,null,null,432.0,2055.0,0.0,2055.0,-1,null,tNO,0.0,null,-1,null,tNO,DESPACHO,ISLA TIERRA DEL FUEGO 8630\r\rSANTIAGO\rCHILE,11,0.0,0.0,0.0,0.0,0,0,null,tNO,null,null,null,null,10036.0,IVA,1,328.0,328.0,0.0,19.0,5081,12,12,0.0,0.0,0.0,0.0
4130,13,31-12-E2508,"FERRULE 2,5 mm (14 AWG) GRIS (100 U",20.0,2022-09-26,396.0,471.0,$,0.0,5.0,,null,BVM,20,0.0,iNotATree,410101001,tNO,,VICTORIA,,null,IVA,0.0,null,0.0,null,0.0,null,0.0,null,0.0,null,0.0,null,1.0,1.0,1.0,1.0,23,6720,14,0.0,4,0.0,null,0.0,null,Vicuña Mackena\r\rSANTIAGO\rCHILE,IVA,tt_Yes,tYES,tNO,0.0,null,null,tYES,,-1,null,,null,ciis_ShouldBe,0.0,0.0,1505.0,0.0,1505.0,tNO,tNO,0.0,0.0,0.0,0.0,1505.0,0.0,1505.0,null,1.0,7923.0,19.0,1505.0,tYES,0.0,0.0,0.0,null,,null,tYES,0.0,7923.0,0.0,0.0,0.0,0.0,0.0,0.0,0.0,0.0,dlps_NotPicked,0.0,0.0,0.0,null,null,null,tNO,13,20.0,417.0,bost_Close,20.0,,dlt_Regular,VICTORIA,510101001,N,228.0,-5,4556.0,MISCELA,COM,null,null,null,null,null,0.0,7923.0,0.0,7923.0,null,null,0.0,MISCELA,COM,null,null,null,null,null,null,tNO,null,null,null,null,5081,0.0,0.0,0.0,tNO,tNO,0.0,0.0,tNO,null,null,null,null,null,null,3367.0,0.0,3367.0,dpsManual,null,null,null,-1,Manual,20.0,0.0,null,0,0,null,null,null,null,null,dit_Item,tNO,tNO,null,null,496.0,9420.0,0.0,9420.0,-1,null,tNO,0.0,null,-1,null,tNO,DESPACHO,ISLA TIERRA DEL FUEGO 8630\r\rSANTIAGO\rCHILE,11,0.0,0.0,0.0,0.0,0,0,null,tNO,null,null,null,null,11634.0,IVA,1,1505.0,1505.0,0.0,19.0,5081,13,13,0.0,0.0,0.0,0.0
4130,14,31-12-E4012,FERRULE 4mm (12 AWG) NARANJO (100 U),5.0,2022-09-26,740.0,881.0,$,0.0,5.0,,null,BVM,20,0.0,iNotATree,410101001,tNO,,VICTORIA,,null,IVA,0.0,null,0.0,null,0.0,null,0.0,null,0.0,null,0.0,null,1.0,1.0,1.0,1.0,23,6720,15,0.0,4,0.0,null,0.0,null,Vicuña Mackena\r\rSANTIAGO\rCHILE,IVA,tt_Yes,tYES,tNO,0.0,null,null,tYES,,-1,null,,null,ciis_ShouldBe,0.0,0.0,703.0,0.0,703.0,tNO,tNO,0.0,0.0,0.0,0.0,703.0,0.0,703.0,null,1.0,3700.0,19.0,703.0,tYES,0.0,0.0,0.0,null,,null,tYES,0.0,3700.0,0.0,0.0,0.0,0.0,0.0,0.0,0.0,0.0,dlps_NotPicked,0.0,0.0,0.0,null,null,null,tNO,14,5.0,779.0,bost_Close,5.0,,dlt_Regular,VICTORIA,510101001,N,417.0,-5,2083.0,MISCELA,COM,null,null,null,null,null,0.0,3700.0,0.0,3700.0,null,null,0.0,MISCELA,COM,null,null,null,null,null,null,tNO,null,null,null,null,5081,0.0,0.0,0.0,tNO,tNO,0.0,0.0,tNO,null,null,null,null,null,null,1617.0,0.0,1617.0,dpsManual,null,null,null,-1,Manual,5.0,0.0,null,0,0,null,null,null,null,null,dit_Item,tNO,tNO,null,null,927.0,4405.0,0.0,4405.0,-1,null,tNO,0.0,null,-1,null,tNO,DESPACHO,ISLA TIERRA DEL FUEGO 8630\r\rSANTIAGO\rCHILE,11,0.0,0.0,0.0,0.0,0,0,null,tNO,null,null,null,null,9301.0,IVA,1,703.0,703.0,0.0,19.0,5081,14,14,0.0,0.0,0.0,0.0
4130,15,31-12-E6012,FERRULE 6mm (10 AWG) VERDE (100 U),5.0,2022-09-26,843.0,1003.0,$,0.0,5.0,,null,BVM,20,0.0,iNotATree,410101001,tNO,,VICTORIA,,null,IVA,0.0,null,0.0,null,0.0,null,0.0,null,0.0,null,0.0,null,1.0,1.0,1.0,1.0,23,6720,16,0.0,4,0.0,null,0.0,null,Vicuña Mackena\r\rSANTIAGO\rCHILE,IVA,tt_Yes,tYES,tNO,0.0,null,null,tYES,,-1,null,,null,ciis_ShouldBe,0.0,0.0,800.0,0.0,800.0,tNO,tNO,0.0,0.0,0.0,0.0,800.0,0.0,800.0,null,1.0,4213.0,19.0,800.0,tYES,0.0,0.0,0.0,null,,null,tYES,0.0,4213.0,0.0,0.0,0.0,0.0,0.0,0.0,0.0,0.0,dlps_NotPicked,0.0,0.0,0.0,null,null,null,tNO,15,5.0,887.0,bost_Close,5.0,,dlt_Regular,VICTORIA,510101001,N,476.0,-5,2381.0,MISCELA,COM,null,null,null,null,null,0.0,4213.0,0.0,4213.0,null,null,0.0,MISCELA,COM,null,null,null,null,null,null,tNO,null,null,null,null,5081,0.0,0.0,0.0,tNO,tNO,0.0,0.0,tNO,null,null,null,null,null,null,1832.0,0.0,1832.0,dpsManual,null,null,null,-1,Manual,5.0,0.0,null,0,0,null,null,null,null,null,dit_Item,tNO,tNO,null,null,1056.0,5015.0,0.0,5015.0,-1,null,tNO,0.0,null,-1,null,tNO,DESPACHO,ISLA TIERRA DEL FUEGO 8630\r\rSANTIAGO\rCHILE,11,0.0,0.0,0.0,0.0,0,0,null,tNO,null,null,null,null,6066.0,IVA,1,800.0,800.0,0.0,19.0,5081,15,15,0.0,0.0,0.0,0.0
4130,16,31-12-E1018,FERRULE 10mm (8 AWG) CAFE (100 U),2.0,2022-09-26,1607.0,1912.0,$,0.0,5.0,,null,BVM,20,0.0,iNotATree,410101001,tNO,,VICTORIA,,null,IVA,0.0,null,0.0,null,0.0,null,0.0,null,0.0,null,0.0,null,1.0,1.0,1.0,1.0,23,6720,17,0.0,4,0.0,null,0.0,null,Vicuña Mackena\r\rSANTIAGO\rCHILE,IVA,tt_Yes,tYES,tNO,0.0,null,null,tYES,,-1,null,,null,ciis_ShouldBe,0.0,0.0,611.0,0.0,611.0,tNO,tNO,0.0,0.0,0.0,0.0,611.0,0.0,611.0,null,1.0,3215.0,19.0,611.0,tYES,0.0,0.0,0.0,null,,null,tYES,0.0,3215.0,0.0,0.0,0.0,0.0,0.0,0.0,0.0,0.0,dlps_NotPicked,0.0,0.0,0.0,null,null,null,tNO,16,2.0,1692.0,bost_Close,2.0,,dlt_Regular,VICTORIA,510101001,N,889.0,-5,1778.0,MISCELA,COM,null,null,null,null,null,0.0,3215.0,0.0,3215.0,null,null,0.0,MISCELA,COM,null,null,null,null,null,null,tNO,null,null,null,null,5081,0.0,0.0,0.0,tNO,tNO,0.0,0.0,tNO,null,null,null,null,null,null,1437.0,0.0,1437.0,dpsManual,null,null,null,-1,Manual,2.0,0.0,null,0,0,null,null,null,null,null,dit_Item,tNO,tNO,null,null,2013.0,3824.0,0.0,3824.0,-1,null,tNO,0.0,null,-1,null,tNO,DESPACHO,ISLA TIERRA DEL FUEGO 8630\r\rSANTIAGO\rCHILE,11,0.0,0.0,0.0,0.0,0,0,null,tNO,null,null,null,null,3940.0,IVA,1,611.0,611.0,0.0,19.0,5081,16,16,0.0,0.0,0.0,0.0
4130,17,31-12-E1618,FERRULE 16mm (6 AWG) BLANCO (100 U),2.0,2022-09-26,2118.0,2520.0,$,0.0,5.0,,null,BVM,20,0.0,iNotATree,410101001,tNO,,VICTORIA,,null,IVA,0.0,null,0.0,null,0.0,null,0.0,null,0.0,null,0.0,null,1.0,1.0,1.0,1.0,23,6720,18,0.0,4,0.0,null,0.0,null,Vicuña Mackena\r\rSANTIAGO\rCHILE,IVA,tt_Yes,tYES,tNO,0.0,null,null,tYES,,-1,null,,null,ciis_ShouldBe,0.0,0.0,805.0,0.0,805.0,tNO,tNO,0.0,0.0,0.0,0.0,805.0,0.0,805.0,null,1.0,4235.0,19.0,805.0,tYES,0.0,0.0,0.0,null,,null,tYES,0.0,4235.0,0.0,0.0,0.0,0.0,0.0,0.0,0.0,0.0,dlps_NotPicked,0.0,0.0,0.0,null,null,null,tNO,17,2.0,2229.0,bost_Close,2.0,,dlt_Regular,VICTORIA,510101001,N,1242.0,-5,2483.0,MISCELA,COM,null,null,null,null,null,0.0,4235.0,0.0,4235.0,null,null,0.0,MISCELA,COM,null,null,null,null,null,null,tNO,null,null,null,null,5081,0.0,0.0,0.0,tNO,tNO,0.0,0.0,tNO,null,null,null,null,null,null,1752.0,0.0,1752.0,dpsManual,null,null,null,-1,Manual,2.0,0.0,null,0,0,null,null,null,null,null,dit_Item,tNO,tNO,null,null,2653.0,5040.0,0.0,5040.0,-1,null,tNO,0.0,null,-1,null,tNO,DESPACHO,ISLA TIERRA DEL FUEGO 8630\r\rSANTIAGO\rCHILE,11,0.0,0.0,0.0,0.0,0,0,null,tNO,null,null,null,null,349.0,IVA,1,805.0,805.0,0.0,19.0,5081,17,17,0.0,0.0,0.0,0.0
4130,18,31-12-E25-16,FERRULE 25mm (4AWG) NEGRO (100U),1.0,2022-09-26,2336.0,2780.0,$,0.0,5.0,,null,BVM,20,0.0,iNotATree,410101001,tNO,,VICTORIA,,null,IVA,0.0,null,0.0,null,0.0,null,0.0,null,0.0,null,0.0,null,1.0,1.0,1.0,1.0,23,6720,19,0.0,4,0.0,null,0.0,null,Vicuña Mackena\r\rSANTIAGO\rCHILE,IVA,tt_Yes,tYES,tNO,0.0,null,null,tYES,,-1,null,,null,ciis_ShouldBe,0.0,0.0,444.0,0.0,444.0,tNO,tNO,0.0,0.0,0.0,0.0,444.0,0.0,444.0,null,1.0,2336.0,19.0,444.0,tYES,0.0,0.0,0.0,null,,null,tYES,0.0,2336.0,0.0,0.0,0.0,0.0,0.0,0.0,0.0,0.0,dlps_NotPicked,0.0,0.0,0.0,null,null,null,tNO,18,1.0,2459.0,bost_Close,1.0,,dlt_Regular,VICTORIA,510101001,N,1353.0,-5,1353.0,MISCELA,COM,null,null,null,null,null,0.0,2336.0,0.0,2336.0,null,null,0.0,MISCELA,COM,null,null,null,null,null,null,tNO,null,null,null,null,5081,0.0,0.0,0.0,tNO,tNO,0.0,0.0,tNO,null,null,null,null,null,null,983.0,0.0,983.0,dpsManual,null,null,null,-1,Manual,1.0,0.0,null,0,0,null,null,null,null,null,dit_Item,tNO,tNO,null,null,2926.0,2780.0,0.0,2780.0,-1,null,tNO,0.0,null,-1,null,tNO,DESPACHO,ISLA TIERRA DEL FUEGO 8630\r\rSANTIAGO\rCHILE,11,0.0,0.0,0.0,0.0,0,0,null,tNO,null,null,null,null,247.0,IVA,1,444.0,444.0,0.0,19.0,5081,18,18,0.0,0.0,0.0,0.0
4130,19,31-12-E3516,FERRULE 35 mm (2 AWG) AMARILLO (100),1.0,2022-09-26,2997.0,3566.0,$,0.0,5.0,,null,BVM,20,0.0,iNotATree,410101001,tNO,,VICTORIA,,null,IVA,0.0,null,0.0,null,0.0,null,0.0,null,0.0,null,0.0,null,1.0,1.0,1.0,1.0,23,6720,20,0.0,4,0.0,null,0.0,null,Vicuña Mackena\r\rSANTIAGO\rCHILE,IVA,tt_Yes,tYES,tNO,0.0,null,null,tYES,,-1,null,,null,ciis_ShouldBe,0.0,0.0,568.0,0.0,568.0,tNO,tNO,0.0,0.0,0.0,0.0,568.0,0.0,568.0,null,1.0,2997.0,19.0,568.0,tYES,0.0,0.0,0.0,null,,null,tYES,0.0,2997.0,0.0,0.0,0.0,0.0,0.0,0.0,0.0,0.0,dlps_NotPicked,0.0,0.0,0.0,null,null,null,tNO,19,1.0,3155.0,bost_Close,1.0,,dlt_Regular,VICTORIA,510101001,N,1664.0,-5,1664.0,MISCELA,COM,null,null,null,null,null,0.0,2997.0,0.0,2997.0,null,null,0.0,MISCELA,COM,null,null,null,null,null,null,tNO,null,null,null,null,5081,0.0,0.0,0.0,tNO,tNO,0.0,0.0,tNO,null,null,null,null,null,null,1333.0,0.0,1333.0,dpsManual,null,null,null,-1,Manual,1.0,0.0,null,0,0,null,null,null,null,null,dit_Item,tNO,tNO,null,null,3754.0,3566.0,0.0,3566.0,-1,null,tNO,0.0,null,-1,null,tNO,DESPACHO,ISLA TIERRA DEL FUEGO 8630\r\rSANTIAGO\rCHILE,11,0.0,0.0,0.0,0.0,0,0,null,tNO,null,null,null,null,225.0,IVA,1,568.0,568.0,0.0,19.0,5081,19,19,0.0,0.0,0.0,0.0
4136,0,41-12-P5,CHAPA CON LLAVE ZAMAK NEGRA PROTA,4.0,2022-09-26,2603.0,3098.0,$,0.0,0.0,,null,BVM,20,0.0,iNotATree,410101001,tNO,,VICTORIA,,null,IVA,0.0,null,0.0,null,0.0,null,0.0,null,0.0,null,0.0,null,1.0,1.0,1.0,1.0,23,6702,0,0.0,4,0.0,null,0.0,null,Vicuña Mackena\r\rSANTIAGO\rCHILE,IVA,tt_Yes,tYES,tNO,0.0,null,null,tYES,,-1,null,,null,ciis_ShouldBe,0.0,0.0,1978.0,0.0,1978.0,tNO,tNO,0.0,0.0,0.0,0.0,1978.0,0.0,1978.0,null,1.0,10412.0,19.0,1978.0,tYES,0.0,0.0,0.0,null,,null,tYES,0.0,10412.0,0.0,0.0,0.0,0.0,0.0,0.0,0.0,0.0,dlps_NotPicked,0.0,0.0,0.0,null,null,null,tNO,0,4.0,2603.0,bost_Close,4.0,,dlt_Regular,VICTORIA,510101001,N,1885.0,-5,7541.0,TABL,COM,null,null,null,null,null,0.0,10412.0,0.0,10412.0,null,null,0.0,TABL,COM,null,null,null,null,null,null,tNO,null,null,null,null,5088,0.0,0.0,0.0,tNO,tNO,0.0,0.0,tNO,null,null,null,null,null,null,2871.0,0.0,2871.0,dpsManual,null,null,null,-1,Manual,4.0,0.0,null,0,0,null,null,null,null,null,dit_Item,tNO,tNO,null,null,3098.0,12392.0,0.0,12392.0,-1,null,tNO,0.0,null,-1,null,tNO,DESPACHO,ARLEGUI 263  601\r\rVIÑA DEL MAR\rCHILE,11,0.0,0.0,0.0,0.0,0,0,null,tNO,null,null,null,null,114.0,IVA,1,1978.0,1978.0,0.0,19.0,5088,0,0,0.0,0.0,0.0,0.0
4136,1,11-12-91891,BISAGRA ExT 180º 24x72 NEGRO,4.0,2022-09-26,5807.0,6910.0,$,0.0,0.0,,null,BVM,20,0.0,iNotATree,410101001,tNO,,VICTORIA,,null,IVA,0.0,null,0.0,null,0.0,null,0.0,null,0.0,null,0.0,null,1.0,1.0,1.0,1.0,23,6702,1,0.0,4,0.0,null,0.0,null,Vicuña Mackena\r\rSANTIAGO\rCHILE,IVA,tt_Yes,tYES,tNO,0.0,null,null,tYES,,-1,null,,null,ciis_ShouldBe,0.0,0.0,4413.0,0.0,4413.0,tNO,tNO,0.0,0.0,0.0,0.0,4413.0,0.0,4413.0,null,1.0,23228.0,19.0,4413.0,tYES,0.0,0.0,0.0,null,,null,tYES,0.0,23228.0,0.0,0.0,0.0,0.0,0.0,0.0,0.0,0.0,dlps_NotPicked,0.0,0.0,0.0,null,null,null,tNO,1,4.0,5807.0,bost_Close,4.0,,dlt_Regular,VICTORIA,510101001,N,3358.0,-5,13432.0,CBE,COM,null,null,null,null,null,0.0,23228.0,0.0,23228.0,null,null,0.0,CBE,COM,null,null,null,null,null,null,tNO,null,null,null,null,5088,0.0,0.0,0.0,tNO,tNO,0.0,0.0,tNO,null,null,null,null,null,null,9796.0,0.0,9796.0,dpsManual,null,null,null,-1,Manual,4.0,0.0,null,0,0,null,null,null,null,null,dit_Item,tNO,tNO,null,null,6910.0,27640.0,0.0,27640.0,-1,null,tNO,0.0,null,-1,null,tNO,DESPACHO,ARLEGUI 263  601\r\rVIÑA DEL MAR\rCHILE,11,0.0,0.0,0.0,0.0,0,0,null,tNO,null,null,null,null,1233.0,IVA,1,4413.0,4413.0,0.0,19.0,5088,1,1,0.0,0.0,0.0,0.0
4136,2,11-15-PU816,CINTA PU 8x16 (2 MTS) AUTOADHESIVA,4.0,2022-09-26,3851.0,4583.0,$,0.0,0.0,,null,BVM,20,0.0,iNotATree,410101001,tNO,,VICTORIA,,null,IVA,0.0,null,0.0,null,0.0,null,0.0,null,0.0,null,0.0,null,1.0,1.0,1.0,1.0,23,6702,2,0.0,4,0.0,null,0.0,null,Vicuña Mackena\r\rSANTIAGO\rCHILE,IVA,tt_Yes,tYES,tNO,0.0,null,null,tYES,,-1,null,,null,ciis_ShouldBe,0.0,0.0,2927.0,0.0,2927.0,tNO,tNO,0.0,0.0,0.0,0.0,2927.0,0.0,2927.0,null,1.0,15404.0,19.0,2927.0,tYES,0.0,0.0,0.0,null,,null,tYES,0.0,15404.0,0.0,0.0,0.0,0.0,0.0,0.0,0.0,0.0,dlps_NotPicked,0.0,0.0,0.0,null,null,null,tNO,2,4.0,3851.0,bost_Close,4.0,,dlt_Regular,VICTORIA,510101001,N,2494.0,-5,9974.0,CBE,COM,null,null,null,null,null,0.0,15404.0,0.0,15404.0,null,null,0.0,CBE,COM,null,null,null,null,null,null,tNO,null,null,null,null,5088,0.0,0.0,0.0,tNO,tNO,0.0,0.0,tNO,null,null,null,null,null,null,5430.0,0.0,5430.0,dpsManual,null,null,null,-1,Manual,4.0,0.0,null,0,0,null,null,null,null,null,dit_Item,tNO,tNO,null,null,4583.0,18332.0,0.0,18332.0,-1,null,tNO,0.0,null,-1,null,tNO,DESPACHO,ARLEGUI 263  601\r\rVIÑA DEL MAR\rCHILE,11,0.0,0.0,0.0,0.0,0,0,null,tNO,null,null,null,null,1963.0,IVA,1,2927.0,2927.0,0.0,19.0,5088,2,2,0.0,0.0,0.0,0.0
4230,0,27-11-MDN63-19,ESPUMA PVC NEGRA 6.3 x 19mm x 15mts,2.0,2022-09-27,7393.0,8798.0,$,0.0,0.0,,null,BVM,20,0.0,iNotATree,410101001,tNO,,VICTORIA,,null,IVA,0.0,null,0.0,null,0.0,null,0.0,null,0.0,null,0.0,null,1.0,1.0,1.0,1.0,23,6878,0,0.0,4,0.0,null,0.0,null,Vicuña Mackena\r\rSANTIAGO\rCHILE,IVA,tt_Yes,tYES,tNO,0.0,null,27-11-BDN64-19,tYES,,-1,null,,null,ciis_ShouldBe,0.0,0.0,2809.0,0.0,2809.0,tNO,tNO,0.0,0.0,0.0,0.0,2809.0,0.0,2809.0,null,1.0,14786.0,19.0,2809.0,tYES,0.0,0.0,0.0,null,,null,tYES,0.0,14786.0,0.0,0.0,0.0,0.0,0.0,0.0,0.0,0.0,dlps_NotPicked,0.0,0.0,0.0,null,null,null,tNO,0,2.0,7393.0,bost_Close,2.0,,dlt_Regular,VICTORIA,510101001,N,4280.0,-5,8559.0,MISCELA,COM,null,null,null,null,null,0.0,14786.0,0.0,14786.0,null,null,0.0,MISCELA,COM,null,null,null,null,null,null,tNO,null,null,null,null,5202,0.0,0.0,0.0,tNO,tNO,0.0,0.0,tNO,null,null,null,null,null,null,6227.0,0.0,6227.0,dpsManual,null,null,null,-1,Manual,2.0,0.0,null,0,0,null,null,null,null,null,dit_Item,tNO,tNO,null,null,8798.0,17596.0,0.0,17596.0,-1,null,tNO,0.0,null,-1,null,tNO,DESPACHO,ARLEGUI 263  601\r\rVIÑA DEL MAR\rCHILE,11,0.0,0.0,0.0,0.0,0,0,null,tNO,null,null,null,null,314.0,IVA,1,2809.0,2809.0,0.0,19.0,5202,0,0,0.0,0.0,0.0,0.0
4235,0,37-11-70242503,"INT DIFERENCIAL 4Px25A 30mA 6KA, RCCB NL1",3.0,2022-09-27,26167.0,31139.0,$,0.0,0.0,,null,BVM,20,0.0,iNotATree,410101001,tNO,,VICTORIA,,null,IVA,0.0,null,0.0,null,0.0,null,0.0,null,0.0,null,0.0,null,1.0,1.0,1.0,1.0,23,6880,0,0.0,4,0.0,null,0.0,null,Vicuña Mackena\r\rSANTIAGO\rCHILE,IVA,tt_Yes,tYES,tNO,0.0,null,null,tYES,,-1,null,,null,ciis_ShouldBe,0.0,0.0,14915.0,0.0,14915.0,tNO,tNO,0.0,0.0,0.0,0.0,14915.0,0.0,14915.0,null,1.0,78501.0,19.0,14915.0,tYES,0.0,0.0,0.0,null,,null,tYES,0.0,78501.0,0.0,0.0,0.0,0.0,0.0,0.0,0.0,0.0,dlps_NotPicked,0.0,0.0,0.0,null,null,null,tNO,0,3.0,26167.0,bost_Close,3.0,,dlt_Regular,VICTORIA,510101001,N,17103.0,-5,51309.0,MISCELA,COM,null,null,null,null,null,0.0,78501.0,0.0,78501.0,null,null,0.0,MISCELA,COM,null,null,null,null,null,null,tNO,null,null,null,null,5207,0.0,0.0,0.0,tNO,tNO,0.0,0.0,tNO,null,null,null,null,null,null,27192.0,0.0,27192.0,dpsManual,null,null,null,-1,Manual,3.0,0.0,null,0,0,null,null,null,null,null,dit_Item,tNO,tNO,null,null,31139.0,93417.0,0.0,93417.0,-1,null,tNO,0.0,null,-1,null,tNO,DESPACHO,LAS GAVIOTAS 10971 EL OBSERVATORIO\r\rSANTIAGO\rCHILE,11,0.0,0.0,0.0,0.0,0,0,null,tNO,null,null,null,null,79.0,IVA,1,14915.0,14915.0,0.0,19.0,5207,0,0,0.0,0.0,0.0,0.0
4235,1,37-11-70244003,"INT DIFERENCIAL 4Px40A 30mA 6KA, RCCB NL1",2.0,2022-09-27,27440.0,32654.0,$,0.0,0.0,,null,BVM,20,0.0,iNotATree,410101001,tNO,,VICTORIA,,null,IVA,0.0,null,0.0,null,0.0,null,0.0,null,0.0,null,0.0,null,1.0,1.0,1.0,1.0,23,6880,1,0.0,4,0.0,null,0.0,null,Vicuña Mackena\r\rSANTIAGO\rCHILE,IVA,tt_Yes,tYES,tNO,0.0,null,null,tYES,,-1,null,,null,ciis_ShouldBe,0.0,0.0,10427.0,0.0,10427.0,tNO,tNO,0.0,0.0,0.0,0.0,10427.0,0.0,10427.0,null,1.0,54880.0,19.0,10427.0,tYES,0.0,0.0,0.0,null,,null,tYES,0.0,54880.0,0.0,0.0,0.0,0.0,0.0,0.0,0.0,0.0,dlps_NotPicked,0.0,0.0,0.0,null,null,null,tNO,1,2.0,27440.0,bost_Close,2.0,,dlt_Regular,VICTORIA,510101001,N,17880.0,-5,35760.0,MISCELA,COM,null,null,null,null,null,0.0,54880.0,0.0,54880.0,null,null,0.0,MISCELA,COM,null,null,null,null,null,null,tNO,null,null,null,null,5207,0.0,0.0,0.0,tNO,tNO,0.0,0.0,tNO,null,null,null,null,null,null,19120.0,0.0,19120.0,dpsManual,null,null,null,-1,Manual,2.0,0.0,null,0,0,null,null,null,null,null,dit_Item,tNO,tNO,null,null,32654.0,65308.0,0.0,65308.0,-1,null,tNO,0.0,null,-1,null,tNO,DESPACHO,LAS GAVIOTAS 10971 EL OBSERVATORIO\r\rSANTIAGO\rCHILE,11,0.0,0.0,0.0,0.0,0,0,null,tNO,null,null,null,null,38.0,IVA,1,10427.0,10427.0,0.0,19.0,5207,1,1,0.0,0.0,0.0,0.0
4264,0,30-11-HFT3/16W,"MANGA MC BLANCA 4,8 x 30mt.",3.0,2022-09-27,38835.0,46214.0,$,0.0,0.0,,null,BVM,20,0.0,iNotATree,410101001,tNO,,VICTORIA,,null,IVA,0.0,null,0.0,null,0.0,null,0.0,null,0.0,null,0.0,null,1.0,1.0,1.0,1.0,23,6883,0,0.0,4,0.0,null,0.0,null,Vicuña Mackena\r\rSANTIAGO\rCHILE,IVA,tt_Yes,tYES,tNO,0.0,null,null,tYES,,-1,null,,null,ciis_ShouldBe,0.0,0.0,22137.0,0.0,22137.0,tNO,tNO,0.0,0.0,0.0,0.0,22137.0,0.0,22137.0,null,1.0,116505.0,19.0,22137.0,tYES,0.0,0.0,0.0,null,,null,tYES,0.0,116505.0,0.0,0.0,0.0,0.0,0.0,0.0,0.0,0.0,dlps_NotPicked,0.0,0.0,0.0,null,null,null,tNO,0,3.0,38835.0,bost_Close,3.0,,dlt_Regular,VICTORIA,510101001,N,19629.0,-5,58887.0,MISCELA,COM,null,null,null,null,null,0.0,116505.0,0.0,116505.0,null,null,0.0,MISCELA,COM,null,null,null,null,null,null,tNO,null,null,null,null,5236,0.0,0.0,0.0,tNO,tNO,0.0,0.0,tNO,null,null,null,null,null,null,57618.0,0.0,57618.0,dpsManual,null,null,null,-1,Manual,3.0,0.0,null,0,0,null,null,null,null,null,dit_Item,tNO,tNO,null,null,46214.0,138642.0,0.0,138642.0,-1,null,tNO,0.0,null,-1,null,tNO,DESPACHO,JORGE ALESSANDRI RODRIGUEZ 18418 LOMAS MIRASUR\r\rSANTIAGO\rCHILE,11,0.0,0.0,0.0,0.0,0,0,null,tNO,null,null,null,null,381.0,IVA,1,22137.0,22137.0,0.0,19.0,5236,0,0,0.0,0.0,0.0,0.0
4264,1,31-14-SVS2-4,HORQUILLA 16-14 AWG AZUL M4 (100 U),10.0,2022-09-27,1298.0,1545.0,$,0.0,0.0,,null,BVM,20,0.0,iNotATree,410101001,tNO,,VICTORIA,,null,IVA,0.0,null,0.0,null,0.0,null,0.0,null,0.0,null,0.0,null,1.0,1.0,1.0,1.0,23,6883,1,0.0,4,0.0,null,0.0,null,Vicuña Mackena\r\rSANTIAGO\rCHILE,IVA,tt_Yes,tYES,tNO,0.0,null,null,tYES,,-1,null,,null,ciis_ShouldBe,0.0,0.0,2466.0,0.0,2466.0,tNO,tNO,0.0,0.0,0.0,0.0,2466.0,0.0,2466.0,null,1.0,12980.0,19.0,2466.0,tYES,0.0,0.0,0.0,null,,null,tYES,0.0,12980.0,0.0,0.0,0.0,0.0,0.0,0.0,0.0,0.0,dlps_NotPicked,0.0,0.0,0.0,null,null,null,tNO,1,10.0,1298.0,bost_Close,10.0,,dlt_Regular,VICTORIA,510101001,N,705.0,-5,7047.0,MISCELA,COM,null,null,null,null,null,0.0,12980.0,0.0,12980.0,null,null,0.0,MISCELA,COM,null,null,null,null,null,null,tNO,null,null,null,null,5236,0.0,0.0,0.0,tNO,tNO,0.0,0.0,tNO,null,null,null,null,null,null,5933.0,0.0,5933.0,dpsManual,null,null,null,-1,Manual,10.0,0.0,null,0,0,null,null,null,null,null,dit_Item,tNO,tNO,null,null,1545.0,15450.0,0.0,15450.0,-1,null,tNO,0.0,null,-1,null,tNO,DESPACHO,JORGE ALESSANDRI RODRIGUEZ 18418 LOMAS MIRASUR\r\rSANTIAGO\rCHILE,11,0.0,0.0,0.0,0.0,0,0,null,tNO,null,null,null,null,94.0,IVA,1,2466.0,2466.0,0.0,19.0,5236,1,1,0.0,0.0,0.0,0.0
4264,2,31-12-E1508,"FERRULE 1,5 mm (16 AWG) NEGRO (100 U)",10.0,2022-09-27,363.0,432.0,$,0.0,0.0,,null,BVM,20,0.0,iNotATree,410101001,tNO,,VICTORIA,,null,IVA,0.0,null,0.0,null,0.0,null,0.0,null,0.0,null,0.0,null,1.0,1.0,1.0,1.0,23,6883,2,0.0,4,0.0,null,0.0,null,Vicuña Mackena\r\rSANTIAGO\rCHILE,IVA,tt_Yes,tYES,tNO,0.0,null,null,tYES,,-1,null,,null,ciis_ShouldBe,0.0,0.0,690.0,0.0,690.0,tNO,tNO,0.0,0.0,0.0,0.0,690.0,0.0,690.0,null,1.0,3630.0,19.0,690.0,tYES,0.0,0.0,0.0,null,,null,tYES,0.0,3630.0,0.0,0.0,0.0,0.0,0.0,0.0,0.0,0.0,dlps_NotPicked,0.0,0.0,0.0,null,null,null,tNO,2,10.0,363.0,bost_Close,10.0,,dlt_Regular,VICTORIA,510101001,N,196.0,-5,1957.0,MISCELA,COM,null,null,null,null,null,0.0,3630.0,0.0,3630.0,null,null,0.0,MISCELA,COM,null,null,null,null,null,null,tNO,null,null,null,null,5236,0.0,0.0,0.0,tNO,tNO,0.0,0.0,tNO,null,null,null,null,null,null,1673.0,0.0,1673.0,dpsManual,null,null,null,-1,Manual,10.0,0.0,null,0,0,null,null,null,null,null,dit_Item,tNO,tNO,null,null,432.0,4320.0,0.0,4320.0,-1,null,tNO,0.0,null,-1,null,tNO,DESPACHO,JORGE ALESSANDRI RODRIGUEZ 18418 LOMAS MIRASUR\r\rSANTIAGO\rCHILE,11,0.0,0.0,0.0,0.0,0,0,null,tNO,null,null,null,null,10029.0,IVA,1,690.0,690.0,0.0,19.0,5236,2,2,0.0,0.0,0.0,0.0
4264,3,31-13-TE1508,"FERRULE DOBLE 1,5 mm (16 AWG) NEGRO (100 U",10.0,2022-09-27,623.0,741.0,$,0.0,0.0,,null,BVM,20,0.0,iNotATree,410101001,tNO,,VICTORIA,,null,IVA,0.0,null,0.0,null,0.0,null,0.0,null,0.0,null,0.0,null,1.0,1.0,1.0,1.0,23,6883,3,0.0,4,0.0,null,0.0,null,Vicuña Mackena\r\rSANTIAGO\rCHILE,IVA,tt_Yes,tYES,tNO,0.0,null,null,tYES,,-1,null,,null,ciis_ShouldBe,0.0,0.0,1184.0,0.0,1184.0,tNO,tNO,0.0,0.0,0.0,0.0,1184.0,0.0,1184.0,null,1.0,6230.0,19.0,1184.0,tYES,0.0,0.0,0.0,null,,null,tYES,0.0,6230.0,0.0,0.0,0.0,0.0,0.0,0.0,0.0,0.0,dlps_NotPicked,0.0,0.0,0.0,null,null,null,tNO,3,10.0,623.0,bost_Close,10.0,,dlt_Regular,VICTORIA,510101001,N,347.0,-5,3470.0,MISCELA,COM,null,null,null,null,null,0.0,6230.0,0.0,6230.0,null,null,0.0,MISCELA,COM,null,null,null,null,null,null,tNO,null,null,null,null,5236,0.0,0.0,0.0,tNO,tNO,0.0,0.0,tNO,null,null,null,null,null,null,2760.0,0.0,2760.0,dpsManual,null,null,null,-1,Manual,10.0,0.0,null,0,0,null,null,null,null,null,dit_Item,tNO,tNO,null,null,741.0,7410.0,0.0,7410.0,-1,null,tNO,0.0,null,-1,null,tNO,DESPACHO,JORGE ALESSANDRI RODRIGUEZ 18418 LOMAS MIRASUR\r\rSANTIAGO\rCHILE,11,0.0,0.0,0.0,0.0,0,0,null,tNO,null,null,null,null,3139.0,IVA,1,1184.0,1184.0,0.0,19.0,5236,3,3,0.0,0.0,0.0,0.0
4264,4,30-12-TC-25N,MANGA TC Ø 25 (42 mm) NEGRO,10.0,2022-09-27,1275.0,1517.0,$,0.0,0.0,,null,BVM,20,0.0,iNotATree,410101001,tNO,,VICTORIA,,null,IVA,0.0,null,0.0,null,0.0,null,0.0,null,0.0,null,0.0,null,1.0,1.0,1.0,1.0,23,6883,4,0.0,4,0.0,null,0.0,null,Vicuña Mackena\r\rSANTIAGO\rCHILE,IVA,tt_Yes,tYES,tNO,0.0,null,null,tYES,,-1,null,,null,ciis_ShouldBe,0.0,0.0,2422.0,0.0,2422.0,tNO,tNO,0.0,0.0,0.0,0.0,2422.0,0.0,2422.0,null,1.0,12750.0,19.0,2422.0,tYES,0.0,0.0,0.0,null,,null,tYES,0.0,12750.0,0.0,0.0,0.0,0.0,0.0,0.0,0.0,0.0,dlps_NotPicked,0.0,0.0,0.0,null,null,null,tNO,4,10.0,1275.0,bost_Close,10.0,,dlt_Regular,VICTORIA,510101001,N,615.0,-5,6150.0,MISCELA,COM,null,null,null,null,null,0.0,12750.0,0.0,12750.0,null,null,0.0,MISCELA,COM,null,null,null,null,null,null,tNO,null,null,null,null,5236,0.0,0.0,0.0,tNO,tNO,0.0,0.0,tNO,null,null,null,null,null,null,6600.0,0.0,6600.0,dpsManual,null,null,null,-1,Manual,10.0,0.0,null,0,0,null,null,null,null,null,dit_Item,tNO,tNO,null,null,1517.0,15170.0,0.0,15170.0,-1,null,tNO,0.0,null,-1,null,tNO,DESPACHO,JORGE ALESSANDRI RODRIGUEZ 18418 LOMAS MIRASUR\r\rSANTIAGO\rCHILE,11,0.0,0.0,0.0,0.0,0,0,null,tNO,null,null,null,null,3065.0,IVA,1,2422.0,2422.0,0.0,19.0,5236,4,4,0.0,0.0,0.0,0.0
4264,5,30-12-TC-25RD,MANGA TC Ø 25 (42 mm) ROJA,10.0,2022-09-27,1275.0,1517.0,$,0.0,0.0,,null,BVM,20,0.0,iNotATree,410101001,tNO,,VICTORIA,,null,IVA,0.0,null,0.0,null,0.0,null,0.0,null,0.0,null,0.0,null,1.0,1.0,1.0,1.0,23,6883,5,0.0,4,0.0,null,0.0,null,Vicuña Mackena\r\rSANTIAGO\rCHILE,IVA,tt_Yes,tYES,tNO,0.0,null,null,tYES,,-1,null,,null,ciis_ShouldBe,0.0,0.0,2422.0,0.0,2422.0,tNO,tNO,0.0,0.0,0.0,0.0,2422.0,0.0,2422.0,null,1.0,12750.0,19.0,2422.0,tYES,0.0,0.0,0.0,null,,null,tYES,0.0,12750.0,0.0,0.0,0.0,0.0,0.0,0.0,0.0,0.0,dlps_NotPicked,0.0,0.0,0.0,null,null,null,tNO,5,10.0,1275.0,bost_Close,10.0,,dlt_Regular,VICTORIA,510101001,N,676.0,-5,6760.0,MISCELA,COM,null,null,null,null,null,0.0,12750.0,0.0,12750.0,null,null,0.0,MISCELA,COM,null,null,null,null,null,null,tNO,null,null,null,null,5236,0.0,0.0,0.0,tNO,tNO,0.0,0.0,tNO,null,null,null,null,null,null,5990.0,0.0,5990.0,dpsManual,null,null,null,-1,Manual,10.0,0.0,null,0,0,null,null,null,null,null,dit_Item,tNO,tNO,null,null,1517.0,15170.0,0.0,15170.0,-1,null,tNO,0.0,null,-1,null,tNO,DESPACHO,JORGE ALESSANDRI RODRIGUEZ 18418 LOMAS MIRASUR\r\rSANTIAGO\rCHILE,11,0.0,0.0,0.0,0.0,0,0,null,tNO,null,null,null,null,2724.0,IVA,1,2422.0,2422.0,0.0,19.0,5236,5,5,0.0,0.0,0.0,0.0
4264,6,30-12-TC-25BE,MANGA TC Ø 25 (42 mm) AZUL,10.0,2022-09-27,1275.0,1517.0,$,0.0,0.0,,null,BVM,20,0.0,iNotATree,410101001,tNO,,VICTORIA,,null,IVA,0.0,null,0.0,null,0.0,null,0.0,null,0.0,null,0.0,null,1.0,1.0,1.0,1.0,23,6883,6,0.0,4,0.0,null,0.0,null,Vicuña Mackena\r\rSANTIAGO\rCHILE,IVA,tt_Yes,tYES,tNO,0.0,null,null,tYES,,-1,null,,null,ciis_ShouldBe,0.0,0.0,2422.0,0.0,2422.0,tNO,tNO,0.0,0.0,0.0,0.0,2422.0,0.0,2422.0,null,1.0,12750.0,19.0,2422.0,tYES,0.0,0.0,0.0,null,,null,tYES,0.0,12750.0,0.0,0.0,0.0,0.0,0.0,0.0,0.0,0.0,dlps_NotPicked,0.0,0.0,0.0,null,null,null,tNO,6,10.0,1275.0,bost_Close,10.0,,dlt_Regular,VICTORIA,510101001,N,662.0,-5,6620.0,MISCELA,COM,null,null,null,null,null,0.0,12750.0,0.0,12750.0,null,null,0.0,MISCELA,COM,null,null,null,null,null,null,tNO,null,null,null,null,5236,0.0,0.0,0.0,tNO,tNO,0.0,0.0,tNO,null,null,null,null,null,null,6130.0,0.0,6130.0,dpsManual,null,null,null,-1,Manual,10.0,0.0,null,0,0,null,null,null,null,null,dit_Item,tNO,tNO,null,null,1517.0,15170.0,0.0,15170.0,-1,null,tNO,0.0,null,-1,null,tNO,DESPACHO,JORGE ALESSANDRI RODRIGUEZ 18418 LOMAS MIRASUR\r\rSANTIAGO\rCHILE,11,0.0,0.0,0.0,0.0,0,0,null,tNO,null,null,null,null,1970.0,IVA,1,2422.0,2422.0,0.0,19.0,5236,6,6,0.0,0.0,0.0,0.0
4264,7,17-15-2671-CS,CIERRE CON RESORTE PARA CARROCERIAS DE BARANDA,2.0,2022-09-27,3947.0,4697.0,$,0.0,0.0,,null,BVM,20,0.0,iNotATree,410101001,tNO,,VICTORIA,,null,IVA,0.0,null,0.0,null,0.0,null,0.0,null,0.0,null,0.0,null,1.0,1.0,1.0,1.0,23,6883,7,0.0,4,0.0,null,0.0,null,Vicuña Mackena\r\rSANTIAGO\rCHILE,IVA,tt_Yes,tYES,tNO,0.0,null,null,tYES,,-1,null,,null,ciis_ShouldBe,0.0,0.0,1500.0,0.0,1500.0,tNO,tNO,0.0,0.0,0.0,0.0,1500.0,0.0,1500.0,null,1.0,7894.0,19.0,1500.0,tYES,0.0,0.0,0.0,null,,null,tYES,0.0,7894.0,0.0,0.0,0.0,0.0,0.0,0.0,0.0,0.0,dlps_NotPicked,0.0,0.0,0.0,null,null,null,tNO,7,2.0,3947.0,bost_Close,2.0,,dlt_Regular,VICTORIA,510101001,N,2160.0,-5,4320.0,null,COM,null,null,null,null,null,0.0,7894.0,0.0,7894.0,null,null,0.0,null,COM,null,null,null,null,null,null,tNO,null,null,null,null,5236,0.0,0.0,0.0,tNO,tNO,0.0,0.0,tNO,null,null,null,null,null,null,3574.0,0.0,3574.0,dpsManual,null,null,null,-1,Manual,2.0,0.0,null,0,0,null,null,null,null,null,dit_Item,tNO,tNO,null,null,4697.0,9394.0,0.0,9394.0,-1,null,null,null,null,-1,null,tNO,DESPACHO,JORGE ALESSANDRI RODRIGUEZ 18418 LOMAS MIRASUR\r\rSANTIAGO\rCHILE,11,0.0,0.0,0.0,0.0,0,0,null,null,null,null,null,null,1931.0,IVA,1,1500.0,1500.0,0.0,19.0,5236,7,7,0.0,0.0,0.0,0.0
4264,8,16-14-IH27RH-CP,BISAGRA LATERAL CROMADA DERECHA,3.0,2022-09-27,6620.0,7878.0,$,0.0,0.0,,null,BVM,20,0.0,iNotATree,410101001,tNO,,VICTORIA,,null,IVA,0.0,null,0.0,null,0.0,null,0.0,null,0.0,null,0.0,null,1.0,1.0,1.0,1.0,23,6883,8,0.0,4,0.0,null,0.0,null,Vicuña Mackena\r\rSANTIAGO\rCHILE,IVA,tt_Yes,tYES,tNO,0.0,null,null,tYES,,-1,null,,null,ciis_ShouldBe,0.0,0.0,3773.0,0.0,3773.0,tNO,tNO,0.0,0.0,0.0,0.0,3773.0,0.0,3773.0,null,1.0,19860.0,19.0,3773.0,tYES,0.0,0.0,0.0,null,,null,tYES,0.0,19860.0,0.0,0.0,0.0,0.0,0.0,0.0,0.0,0.0,dlps_NotPicked,0.0,0.0,0.0,null,null,null,tNO,8,3.0,6620.0,bost_Close,3.0,,dlt_Regular,VICTORIA,510101001,N,3004.0,-5,9012.0,HERCAM,COM,null,null,null,null,null,0.0,19860.0,0.0,19860.0,null,null,0.0,HERCAM,COM,null,null,null,null,null,null,tNO,null,null,null,null,5236,0.0,0.0,0.0,tNO,tNO,0.0,0.0,tNO,null,null,null,null,null,null,10848.0,0.0,10848.0,dpsManual,null,null,null,-1,Manual,3.0,0.0,null,0,0,null,null,null,null,null,dit_Item,tNO,tNO,null,null,7878.0,23634.0,0.0,23634.0,-1,null,tNO,0.0,null,-1,null,tNO,DESPACHO,JORGE ALESSANDRI RODRIGUEZ 18418 LOMAS MIRASUR\r\rSANTIAGO\rCHILE,11,0.0,0.0,0.0,0.0,0,0,null,tNO,null,null,null,null,507.0,IVA,1,3773.0,3773.0,0.0,19.0,5236,8,8,0.0,0.0,0.0,0.0
4318,0,18-16-WKP013-7,REPARTIDOR TETRAPOLAR 180A 7 P+1,1.0,2022-09-27,14537.0,17299.0,$,0.0,0.0,,null,BVM,20,0.0,iNotATree,410101001,tNO,,VICTORIA,,null,IVA,0.0,null,0.0,null,0.0,null,0.0,null,0.0,null,0.0,null,1.0,1.0,1.0,1.0,23,7014,0,0.0,4,0.0,null,0.0,null,Vicuña Mackena\r\rSANTIAGO\rCHILE,IVA,tt_Yes,tYES,tNO,0.0,null,null,tYES,,-1,null,,null,ciis_ShouldBe,0.0,0.0,2762.0,0.0,2762.0,tNO,tNO,0.0,0.0,0.0,0.0,2762.0,0.0,2762.0,null,1.0,14537.0,19.0,2762.0,tYES,0.0,0.0,0.0,null,,null,tYES,0.0,14537.0,0.0,0.0,0.0,0.0,0.0,0.0,0.0,0.0,dlps_NotPicked,0.0,0.0,0.0,null,null,null,tNO,0,1.0,14537.0,bost_Close,1.0,,dlt_Regular,VICTORIA,510101001,N,7245.0,-5,7245.0,MISCELA,COM,null,null,null,null,null,0.0,14537.0,0.0,14537.0,null,null,0.0,MISCELA,COM,null,null,null,null,null,null,tNO,null,null,null,null,5295,0.0,0.0,0.0,tNO,tNO,0.0,0.0,tNO,null,null,null,null,null,null,7292.0,0.0,7292.0,dpsManual,null,null,null,-1,Manual,1.0,0.0,null,0,0,null,null,null,null,null,dit_Item,tNO,tNO,null,null,17299.0,17299.0,0.0,17299.0,-1,null,tNO,0.0,null,-1,null,tNO,DESPACHO,ANTOFAGASTA 2822\r\rSANTIAGO\rCHILE,11,0.0,0.0,0.0,0.0,0,0,null,tNO,null,null,null,null,499.0,IVA,1,2762.0,2762.0,0.0,19.0,5295,0,0,0.0,0.0,0.0,0.0
4355,0,15-12-4060-28,CANALETA 40 x 60 RANURADA GRIS,1.0,2022-09-28,6452.0,7678.0,$,0.0,0.0,,null,BVM,20,0.0,iNotATree,410101001,tNO,,VICTORIA,,null,IVA,0.0,null,0.0,null,0.0,null,0.0,null,0.0,null,0.0,null,1.0,1.0,1.0,1.0,23,7082,0,0.0,4,0.0,null,0.0,null,Vicuña Mackena\r\rSANTIAGO\rCHILE,IVA,tt_Yes,tYES,tNO,0.0,null,null,tYES,,-1,null,,null,ciis_ShouldBe,0.0,0.0,1226.0,0.0,1226.0,tNO,tNO,0.0,0.0,0.0,0.0,1226.0,0.0,1226.0,null,1.0,6452.0,19.0,1226.0,tYES,0.0,0.0,0.0,null,,null,tYES,0.0,6452.0,0.0,0.0,0.0,0.0,0.0,0.0,0.0,0.0,dlps_NotPicked,0.0,0.0,0.0,null,null,null,tNO,0,1.0,6452.0,bost_Close,1.0,,dlt_Regular,VICTORIA,510101001,N,3833.0,-5,3833.0,MISCELA,COM,null,null,null,null,null,0.0,6452.0,0.0,6452.0,null,null,0.0,MISCELA,COM,null,null,null,null,null,null,tNO,null,null,null,null,5341,0.0,0.0,0.0,tNO,tNO,0.0,0.0,tNO,null,null,null,null,null,null,2619.0,0.0,2619.0,dpsManual,null,null,null,-1,Manual,1.0,0.0,null,0,0,null,null,null,null,null,dit_Item,tNO,tNO,null,null,7678.0,7678.0,0.0,7678.0,-1,null,tNO,0.0,null,-1,null,tNO,DESPACHO,AV. VICUÑA MACKENNA 1436\r\rSANTIAGO\rCHILE,11,0.0,0.0,0.0,0.0,0,0,null,tNO,null,null,null,null,1308.0,IVA,1,1226.0,1226.0,0.0,19.0,5341,0,0,0.0,0.0,0.0,0.0
4355,1,26-11-43409TT,BORNE GRIS 4.0mm2 - 1000V - 32A,14.0,2022-09-28,339.0,403.0,$,0.0,0.0,,null,BVM,20,0.0,iNotATree,410101001,tNO,,VICTORIA,,null,IVA,0.0,null,0.0,null,0.0,null,0.0,null,0.0,null,0.0,null,1.0,1.0,1.0,1.0,23,7082,1,0.0,4,0.0,null,0.0,null,Vicuña Mackena\r\rSANTIAGO\rCHILE,IVA,tt_Yes,tYES,tNO,0.0,null,null,tYES,,-1,null,,null,ciis_ShouldBe,0.0,0.0,902.0,0.0,902.0,tNO,tNO,0.0,0.0,0.0,0.0,902.0,0.0,902.0,null,1.0,4746.0,19.0,902.0,tYES,0.0,0.0,0.0,null,,null,tYES,0.0,4746.0,0.0,0.0,0.0,0.0,0.0,0.0,0.0,0.0,dlps_NotPicked,0.0,0.0,0.0,null,null,null,tNO,1,14.0,339.0,bost_Close,14.0,,dlt_Regular,VICTORIA,510101001,N,199.0,-5,2788.0,MISCELA,COM,null,null,null,null,null,0.0,4746.0,0.0,4746.0,null,null,0.0,MISCELA,COM,null,null,null,null,null,null,tNO,null,null,null,null,5341,0.0,0.0,0.0,tNO,tNO,0.0,0.0,tNO,null,null,null,null,null,null,1958.0,0.0,1958.0,dpsManual,null,null,null,-1,Manual,14.0,0.0,null,0,0,null,null,null,null,null,dit_Item,tNO,tNO,null,null,403.0,5642.0,0.0,5642.0,-1,null,tNO,0.0,null,-1,null,tNO,DESPACHO,AV. VICUÑA MACKENNA 1436\r\rSANTIAGO\rCHILE,11,0.0,0.0,0.0,0.0,0,0,null,tNO,null,null,null,null,45643.0,IVA,1,902.0,902.0,0.0,19.0,5341,1,1,0.0,0.0,0.0,0.0
4355,2,26-11-43010,TAPA FINAL PARA BORNE 2.5-4,1.0,2022-09-28,192.0,228.0,$,0.0,0.0,,null,BVM,20,0.0,iNotATree,410101001,tNO,,VICTORIA,,null,IVA,0.0,null,0.0,null,0.0,null,0.0,null,0.0,null,0.0,null,1.0,1.0,1.0,1.0,23,7082,2,0.0,4,0.0,null,0.0,null,Vicuña Mackena\r\rSANTIAGO\rCHILE,IVA,tt_Yes,tYES,tNO,0.0,null,null,tYES,,-1,null,,null,ciis_ShouldBe,0.0,0.0,36.0,0.0,36.0,tNO,tNO,0.0,0.0,0.0,0.0,36.0,0.0,36.0,null,1.0,192.0,19.0,36.0,tYES,0.0,0.0,0.0,null,,null,tYES,0.0,192.0,0.0,0.0,0.0,0.0,0.0,0.0,0.0,0.0,dlps_NotPicked,0.0,0.0,0.0,null,null,null,tNO,2,1.0,192.0,bost_Close,1.0,,dlt_Regular,VICTORIA,510101001,N,102.0,-5,102.0,MISCELA,COM,null,null,null,null,null,0.0,192.0,0.0,192.0,null,null,0.0,MISCELA,COM,null,null,null,null,null,null,tNO,null,null,null,null,5341,0.0,0.0,0.0,tNO,tNO,0.0,0.0,tNO,null,null,null,null,null,null,90.0,0.0,90.0,dpsManual,null,null,null,-1,Manual,1.0,0.0,null,0,0,null,null,null,null,null,dit_Item,tNO,tNO,null,null,228.0,228.0,0.0,228.0,-1,null,tNO,0.0,null,-1,null,tNO,DESPACHO,AV. VICUÑA MACKENNA 1436\r\rSANTIAGO\rCHILE,11,0.0,0.0,0.0,0.0,0,0,null,tNO,null,null,null,null,5925.0,IVA,1,36.0,36.0,0.0,19.0,5341,2,2,0.0,0.0,0.0,0.0
4355,3,26-12-0612TB,PLACA IDENTIFICACION BORNE @SCRIPT (6x12) 39P,1.0,2022-09-28,508.0,605.0,$,0.0,0.0,,null,BVM,20,0.0,iNotATree,410101001,tNO,,VICTORIA,,null,IVA,0.0,null,0.0,null,0.0,null,0.0,null,0.0,null,0.0,null,1.0,1.0,1.0,1.0,23,7082,3,0.0,4,0.0,null,0.0,null,Vicuña Mackena\r\rSANTIAGO\rCHILE,IVA,tt_Yes,tYES,tNO,0.0,null,null,tYES,,-1,null,,null,ciis_ShouldBe,0.0,0.0,97.0,0.0,97.0,tNO,tNO,0.0,0.0,0.0,0.0,97.0,0.0,97.0,null,1.0,508.0,19.0,97.0,tYES,0.0,0.0,0.0,null,,null,tYES,0.0,508.0,0.0,0.0,0.0,0.0,0.0,0.0,0.0,0.0,dlps_NotPicked,0.0,0.0,0.0,null,null,null,tNO,3,1.0,508.0,bost_Close,1.0,,dlt_Regular,VICTORIA,510101001,N,374.0,-5,374.0,MISCELA,COM,null,null,null,null,null,0.0,508.0,0.0,508.0,null,null,0.0,MISCELA,COM,null,null,null,null,null,null,tNO,null,null,null,null,5341,0.0,0.0,0.0,tNO,tNO,0.0,0.0,tNO,null,null,null,null,null,null,134.0,0.0,134.0,dpsManual,null,null,null,-1,Manual,1.0,0.0,null,0,0,null,null,null,null,null,dit_Item,tNO,tNO,null,null,605.0,605.0,0.0,605.0,-1,null,tNO,0.0,null,-1,null,tNO,DESPACHO,AV. VICUÑA MACKENNA 1436\r\rSANTIAGO\rCHILE,11,0.0,0.0,0.0,0.0,0,0,null,tNO,null,null,null,null,3101.0,IVA,1,97.0,97.0,0.0,19.0,5341,3,3,0.0,0.0,0.0,0.0
4355,4,18-15-RT18-32X1,PORTA FUSIBLE C/INDICADOR 1P,3.0,2022-09-28,1515.0,1803.0,$,0.0,0.0,,null,BVM,20,0.0,iNotATree,410101001,tNO,,VICTORIA,,null,IVA,0.0,null,0.0,null,0.0,null,0.0,null,0.0,null,0.0,null,1.0,1.0,1.0,1.0,23,7082,4,0.0,4,0.0,null,0.0,null,Vicuña Mackena\r\rSANTIAGO\rCHILE,IVA,tt_Yes,tYES,tNO,0.0,null,null,tYES,,-1,null,,null,ciis_ShouldBe,0.0,0.0,863.0,0.0,863.0,tNO,tNO,0.0,0.0,0.0,0.0,863.0,0.0,863.0,null,1.0,4545.0,19.0,863.0,tYES,0.0,0.0,0.0,null,,null,tYES,0.0,4545.0,0.0,0.0,0.0,0.0,0.0,0.0,0.0,0.0,dlps_NotPicked,0.0,0.0,0.0,null,null,null,tNO,4,3.0,1515.0,bost_Close,3.0,,dlt_Regular,VICTORIA,510101001,N,854.0,-5,2562.0,MISCELA,COM,null,null,null,null,null,0.0,4545.0,0.0,4545.0,null,null,0.0,MISCELA,COM,null,null,null,null,null,null,tNO,null,null,null,null,5341,0.0,0.0,0.0,tNO,tNO,0.0,0.0,tNO,null,null,null,null,null,null,1983.0,0.0,1983.0,dpsManual,null,null,null,-1,Manual,3.0,0.0,null,0,0,null,null,null,null,null,dit_Item,tNO,tNO,null,null,1803.0,5409.0,0.0,5409.0,-1,null,tNO,0.0,null,-1,null,tNO,DESPACHO,AV. VICUÑA MACKENNA 1436\r\rSANTIAGO\rCHILE,11,0.0,0.0,0.0,0.0,0,0,null,tNO,null,null,null,null,4466.0,IVA,1,863.0,863.0,0.0,19.0,5341,4,4,0.0,0.0,0.0,0.0
4355,5,18-15-FUSE10X38,FUSIBLE 10x38 2A,3.0,2022-09-28,235.0,280.0,$,0.0,0.0,,null,BVM,20,0.0,iNotATree,410101001,tNO,,VICTORIA,,null,IVA,0.0,null,0.0,null,0.0,null,0.0,null,0.0,null,0.0,null,1.0,1.0,1.0,1.0,23,7082,5,0.0,4,0.0,null,0.0,null,Vicuña Mackena\r\rSANTIAGO\rCHILE,IVA,tt_Yes,tYES,tNO,0.0,null,null,tYES,,-1,null,,null,ciis_ShouldBe,0.0,0.0,134.0,0.0,134.0,tNO,tNO,0.0,0.0,0.0,0.0,134.0,0.0,134.0,null,1.0,705.0,19.0,134.0,tYES,0.0,0.0,0.0,null,,null,tYES,0.0,705.0,0.0,0.0,0.0,0.0,0.0,0.0,0.0,0.0,dlps_NotPicked,0.0,0.0,0.0,null,null,null,tNO,5,3.0,235.0,bost_Close,3.0,,dlt_Regular,VICTORIA,510101001,N,104.0,-5,312.0,MISCELA,COM,null,null,null,null,null,0.0,705.0,0.0,705.0,null,null,0.0,MISCELA,COM,null,null,null,null,null,null,tNO,null,null,null,null,5341,0.0,0.0,0.0,tNO,tNO,0.0,0.0,tNO,null,null,null,null,null,null,393.0,0.0,393.0,dpsManual,null,null,null,-1,Manual,3.0,0.0,null,0,0,null,null,null,null,null,dit_Item,tNO,tNO,null,null,280.0,840.0,0.0,840.0,-1,null,tNO,0.0,null,-1,null,tNO,DESPACHO,AV. VICUÑA MACKENNA 1436\r\rSANTIAGO\rCHILE,11,0.0,0.0,0.0,0.0,0,0,null,tNO,null,null,null,null,6438.0,IVA,1,134.0,134.0,0.0,19.0,5341,5,5,0.0,0.0,0.0,0.0
4355,6,31-15-PTV2-13,PINO 16-14 AWG AZUL (100 U),1.0,2022-09-28,1349.0,1605.0,$,0.0,0.0,,null,BVM,20,0.0,iNotATree,410101001,tNO,,VICTORIA,,null,IVA,0.0,null,0.0,null,0.0,null,0.0,null,0.0,null,0.0,null,1.0,1.0,1.0,1.0,23,7082,6,0.0,4,0.0,null,0.0,null,Vicuña Mackena\r\rSANTIAGO\rCHILE,IVA,tt_Yes,tYES,tNO,0.0,null,null,tYES,,-1,null,,null,ciis_ShouldBe,0.0,0.0,256.0,0.0,256.0,tNO,tNO,0.0,0.0,0.0,0.0,256.0,0.0,256.0,null,1.0,1349.0,19.0,256.0,tYES,0.0,0.0,0.0,null,,null,tYES,0.0,1349.0,0.0,0.0,0.0,0.0,0.0,0.0,0.0,0.0,dlps_NotPicked,0.0,0.0,0.0,null,null,null,tNO,6,1.0,1349.0,bost_Close,1.0,,dlt_Regular,VICTORIA,510101001,N,816.0,-5,816.0,MISCELA,COM,null,null,null,null,null,0.0,1349.0,0.0,1349.0,null,null,0.0,MISCELA,COM,null,null,null,null,null,null,tNO,null,null,null,null,5341,0.0,0.0,0.0,tNO,tNO,0.0,0.0,tNO,null,null,null,null,null,null,533.0,0.0,533.0,dpsManual,null,null,null,-1,Manual,1.0,0.0,null,0,0,null,null,null,null,null,dit_Item,tNO,tNO,null,null,1605.0,1605.0,0.0,1605.0,-1,null,tNO,0.0,null,-1,null,tNO,DESPACHO,AV. VICUÑA MACKENNA 1436\r\rSANTIAGO\rCHILE,11,0.0,0.0,0.0,0.0,0,0,null,tNO,null,null,null,null,228.0,IVA,1,256.0,256.0,0.0,19.0,5341,6,6,0.0,0.0,0.0,0.0
4355,7,31-14-SVS2-4,HORQUILLA 16-14 AWG AZUL M4 (100 U),2.0,2022-09-28,1226.0,1459.0,$,0.0,0.0,,null,BVM,20,0.0,iNotATree,410101001,tNO,,VICTORIA,,null,IVA,0.0,null,0.0,null,0.0,null,0.0,null,0.0,null,0.0,null,1.0,1.0,1.0,1.0,23,7082,7,0.0,4,0.0,null,0.0,null,Vicuña Mackena\r\rSANTIAGO\rCHILE,IVA,tt_Yes,tYES,tNO,0.0,null,null,tYES,,-1,null,,null,ciis_ShouldBe,0.0,0.0,466.0,0.0,466.0,tNO,tNO,0.0,0.0,0.0,0.0,466.0,0.0,466.0,null,1.0,2452.0,19.0,466.0,tYES,0.0,0.0,0.0,null,,null,tYES,0.0,2452.0,0.0,0.0,0.0,0.0,0.0,0.0,0.0,0.0,dlps_NotPicked,0.0,0.0,0.0,null,null,null,tNO,7,2.0,1226.0,bost_Close,2.0,,dlt_Regular,VICTORIA,510101001,N,705.0,-5,1409.0,MISCELA,COM,null,null,null,null,null,0.0,2452.0,0.0,2452.0,null,null,0.0,MISCELA,COM,null,null,null,null,null,null,tNO,null,null,null,null,5341,0.0,0.0,0.0,tNO,tNO,0.0,0.0,tNO,null,null,null,null,null,null,1043.0,0.0,1043.0,dpsManual,null,null,null,-1,Manual,2.0,0.0,null,0,0,null,null,null,null,null,dit_Item,tNO,tNO,null,null,1459.0,2918.0,0.0,2918.0,-1,null,tNO,0.0,null,-1,null,tNO,DESPACHO,AV. VICUÑA MACKENNA 1436\r\rSANTIAGO\rCHILE,11,0.0,0.0,0.0,0.0,0,0,null,tNO,null,null,null,null,69.0,IVA,1,466.0,466.0,0.0,19.0,5341,7,7,0.0,0.0,0.0,0.0
4371,0,19-18-SM-25,AISLADOR 25/30 x 25 M6 ROJO,50.0,2022-09-21,456.0,543.0,$,0.0,0.0,,null,BVM,20,0.0,iNotATree,410101001,tNO,,VICTORIA,,null,IVA,0.0,null,0.0,null,0.0,null,0.0,null,0.0,null,0.0,null,1.0,1.0,1.0,1.0,23,6763,0,0.0,4,0.0,null,0.0,null,Vicuña Mackena\r\rSANTIAGO\rCHILE,IVA,tt_Yes,tYES,tNO,0.0,null,20-11-05025-6,tYES,,-1,null,,null,ciis_ShouldBe,0.0,0.0,4332.0,0.0,4332.0,tNO,tNO,0.0,0.0,0.0,0.0,4332.0,0.0,4332.0,null,1.0,22800.0,19.0,4332.0,tYES,0.0,0.0,0.0,null,,null,tYES,0.0,22800.0,0.0,0.0,0.0,0.0,0.0,0.0,0.0,0.0,dlps_NotPicked,0.0,0.0,0.0,null,null,null,tNO,0,50.0,456.0,bost_Close,50.0,,dlt_Regular,VICTORIA,510101001,N,223.0,-5,11158.0,MISCELA,COM,null,null,null,null,null,0.0,22800.0,0.0,22800.0,null,null,0.0,MISCELA,COM,null,null,null,null,null,null,tNO,null,null,null,null,5359,0.0,0.0,0.0,tNO,tNO,0.0,0.0,tNO,null,null,null,null,null,null,11642.0,0.0,11642.0,dpsManual,null,null,null,-1,Manual,50.0,0.0,null,0,0,null,null,null,null,null,dit_Item,tNO,tNO,null,null,543.0,27150.0,0.0,27150.0,-1,null,tNO,0.0,null,-1,null,tNO,DESPACHO,TEATINOS 251\r\rSANTIAGO\rCHILE,11,0.0,0.0,0.0,0.0,0,0,null,tNO,null,null,null,null,5236.0,IVA,1,4332.0,4332.0,0.0,19.0,5359,0,0,0.0,0.0,0.0,0.0
4371,1,30-11-HFT3/16W,"MANGA MC BLANCA 4,8 x 30mt.",2.0,2022-09-21,38835.0,46214.0,$,0.0,0.0,,null,BVM,20,0.0,iNotATree,410101001,tNO,,VICTORIA,,null,IVA,0.0,null,0.0,null,0.0,null,0.0,null,0.0,null,0.0,null,1.0,1.0,1.0,1.0,23,6763,1,0.0,4,0.0,null,0.0,null,Vicuña Mackena\r\rSANTIAGO\rCHILE,IVA,tt_Yes,tYES,tNO,0.0,null,19-13-5522.230,tYES,,-1,null,,null,ciis_ShouldBe,0.0,0.0,14757.0,0.0,14757.0,tNO,tNO,0.0,0.0,0.0,0.0,14757.0,0.0,14757.0,null,1.0,77670.0,19.0,14757.0,tYES,0.0,0.0,0.0,null,,null,tYES,0.0,77670.0,0.0,0.0,0.0,0.0,0.0,0.0,0.0,0.0,dlps_NotPicked,0.0,0.0,0.0,null,null,null,tNO,1,2.0,38835.0,bost_Close,2.0,,dlt_Regular,VICTORIA,510101001,N,19629.0,-5,39258.0,MISCELA,COM,null,null,null,null,null,0.0,77670.0,0.0,77670.0,null,null,0.0,MISCELA,COM,null,null,null,null,null,null,tNO,null,null,null,null,5359,0.0,0.0,0.0,tNO,tNO,0.0,0.0,tNO,null,null,null,null,null,null,38412.0,0.0,38412.0,dpsManual,null,null,null,-1,Manual,2.0,0.0,null,0,0,null,null,null,null,null,dit_Item,tNO,tNO,null,null,46214.0,92428.0,0.0,92428.0,-1,null,null,null,null,-1,null,tNO,DESPACHO,TEATINOS 251\r\rSANTIAGO\rCHILE,11,0.0,0.0,0.0,0.0,0,0,null,null,null,null,null,null,378.0,IVA,1,14757.0,14757.0,0.0,19.0,5359,1,1,0.0,0.0,0.0,0.0
4416,0,12-15-23011,CHAPA MANOPLA STD CON LLAVE,2.0,2022-09-28,5287.0,6292.0,$,0.0,0.0,,null,BVM,20,0.0,iNotATree,410101001,tNO,,VICTORIA,,null,IVA,0.0,null,0.0,null,0.0,null,0.0,null,0.0,null,0.0,null,1.0,1.0,1.0,1.0,23,6925,0,0.0,4,0.0,null,0.0,null,Vicuña Mackena\r\rSANTIAGO\rCHILE,IVA,tt_Yes,tYES,tNO,0.0,null,null,tYES,,-1,null,,null,ciis_ShouldBe,0.0,0.0,2009.0,0.0,2009.0,tNO,tNO,0.0,0.0,0.0,0.0,2009.0,0.0,2009.0,null,1.0,10574.0,19.0,2009.0,tYES,0.0,0.0,0.0,null,,null,tYES,0.0,10574.0,0.0,0.0,0.0,0.0,0.0,0.0,0.0,0.0,dlps_NotPicked,0.0,0.0,0.0,null,null,null,tNO,0,2.0,5287.0,bost_Close,2.0,,dlt_Regular,VICTORIA,510101001,N,3081.0,-5,6162.0,CBE,COM,null,null,null,null,null,0.0,10574.0,0.0,10574.0,null,null,0.0,CBE,COM,null,null,null,null,null,null,tNO,null,null,null,null,5412,0.0,0.0,0.0,tNO,tNO,0.0,0.0,tNO,null,null,null,null,null,null,4412.0,0.0,4412.0,dpsManual,null,null,null,-1,Manual,2.0,0.0,null,0,0,null,null,null,null,null,dit_Item,tNO,tNO,null,null,6292.0,12584.0,0.0,12584.0,-1,null,tNO,0.0,null,-1,null,tNO,DESPACHO,ANTILLANCA 9090 OF. 96\r\rSANTIAGO\rCHILE,11,0.0,0.0,0.0,0.0,0,0,null,tNO,null,null,null,null,784.0,IVA,1,2009.0,2009.0,0.0,19.0,5412,0,0,0.0,0.0,0.0,0.0
4425,0,14-12-91591,BISAGRA SEMI EMBUTIDA 180º NEGRO CHICA,50.0,2022-09-28,1280.0,1523.0,$,0.0,0.0,,null,BVM,20,0.0,iNotATree,410101001,tNO,,VICTORIA,,null,IVA,0.0,null,0.0,null,0.0,null,0.0,null,0.0,null,0.0,null,1.0,1.0,1.0,1.0,23,7200,0,0.0,4,0.0,null,0.0,null,Vicuña Mackena\r\rSANTIAGO\rCHILE,IVA,tt_Yes,tYES,tNO,0.0,null,null,tYES,,-1,null,,null,ciis_ShouldBe,0.0,0.0,12160.0,0.0,12160.0,tNO,tNO,0.0,0.0,0.0,0.0,12160.0,0.0,12160.0,null,1.0,64000.0,19.0,12160.0,tYES,0.0,0.0,0.0,null,,null,tYES,0.0,64000.0,0.0,0.0,0.0,0.0,0.0,0.0,0.0,0.0,dlps_NotPicked,0.0,0.0,0.0,null,null,null,tNO,0,50.0,1280.0,bost_Close,50.0,,dlt_Regular,VICTORIA,510101001,N,560.0,-5,28003.0,CBE,COM,null,null,null,null,null,0.0,64000.0,0.0,64000.0,null,null,0.0,CBE,COM,null,null,null,null,null,null,tNO,null,null,null,null,5422,0.0,0.0,0.0,tNO,tNO,0.0,0.0,tNO,null,null,null,null,null,null,35997.0,0.0,35997.0,dpsManual,null,null,null,-1,Manual,50.0,0.0,null,0,0,null,null,null,null,null,dit_Item,tNO,tNO,null,null,1523.0,76150.0,0.0,76150.0,-1,null,tNO,0.0,null,-1,null,tNO,DESPACHO,JOSE JOAQUIN PEREZ 520\r\rSANTIAGO\rCHILE,11,0.0,0.0,0.0,0.0,0,0,null,tNO,null,null,null,null,4807.0,IVA,1,12160.0,12160.0,0.0,19.0,5422,0,0,0.0,0.0,0.0,0.0
4433,0,19-24-MO-370,SOPORTE BARRA 3F+N 80mm 35x40x370mm,10.0,2022-09-28,8503.0,10119.0,$,0.0,5.0,,null,BVM,20,0.0,iNotATree,410101001,tNO,,VICTORIA,,null,IVA,0.0,null,0.0,null,0.0,null,0.0,null,0.0,null,0.0,null,1.0,1.0,1.0,1.0,23,7153,0,0.0,4,0.0,null,0.0,null,Vicuña Mackena\r\rSANTIAGO\rCHILE,IVA,tt_Yes,tYES,tNO,0.0,null,null,tYES,,-1,null,,null,ciis_ShouldBe,0.0,0.0,16157.0,0.0,16157.0,tNO,tNO,0.0,0.0,0.0,0.0,16157.0,0.0,16157.0,null,1.0,85035.0,19.0,16157.0,tYES,0.0,0.0,0.0,null,,null,tYES,0.0,85035.0,0.0,0.0,0.0,0.0,0.0,0.0,0.0,0.0,dlps_NotPicked,0.0,0.0,0.0,null,null,null,tNO,0,10.0,8951.0,bost_Close,10.0,,dlt_Regular,VICTORIA,510101001,N,4081.0,-5,40811.0,MISCELA,COM,null,null,null,null,null,0.0,85035.0,0.0,85035.0,null,null,0.0,MISCELA,COM,null,null,null,null,null,null,tNO,null,null,null,null,5430,0.0,0.0,0.0,tNO,tNO,0.0,0.0,tNO,null,null,null,null,null,null,44224.0,0.0,44224.0,dpsManual,null,null,null,-1,Manual,10.0,0.0,null,0,0,null,null,null,null,null,dit_Item,tNO,tNO,null,null,10652.0,101190.0,0.0,101190.0,-1,null,tNO,0.0,null,-1,null,tNO,DESPACHO,TEATINOS 251\r\rSANTIAGO\rCHILE,11,0.0,0.0,0.0,0.0,0,0,null,tNO,null,null,null,null,39.0,IVA,1,16157.0,16157.0,0.0,19.0,5430,0,0,0.0,0.0,0.0,0.0
4481,0,15-11-K008,ESPIRAL PLASTICO 6 mm x 10 mts,2.0,2022-09-29,1624.0,1933.0,$,0.0,0.0,,null,BVM,20,0.0,iNotATree,410101001,tNO,,VICTORIA,,null,IVA,0.0,null,0.0,null,0.0,null,0.0,null,0.0,null,0.0,null,1.0,1.0,1.0,1.0,23,7289,0,0.0,4,0.0,null,0.0,null,Vicuña Mackena\r\rSANTIAGO\rCHILE,IVA,tt_Yes,tYES,tNO,0.0,null,null,tYES,,-1,null,,null,ciis_ShouldBe,0.0,0.0,617.0,0.0,617.0,tNO,tNO,0.0,0.0,0.0,0.0,617.0,0.0,617.0,null,1.0,3248.0,19.0,617.0,tYES,0.0,0.0,0.0,null,,null,tYES,0.0,3248.0,0.0,0.0,0.0,0.0,0.0,0.0,0.0,0.0,dlps_NotPicked,0.0,0.0,0.0,null,null,null,tNO,0,2.0,1624.0,bost_Close,2.0,,dlt_Regular,VICTORIA,510101001,N,962.0,-5,1924.0,MISCELA,COM,null,null,null,null,null,0.0,3248.0,0.0,3248.0,null,null,0.0,MISCELA,COM,null,null,null,null,null,null,tNO,null,null,null,null,5487,0.0,0.0,0.0,tNO,tNO,0.0,0.0,tNO,null,null,null,null,null,null,1324.0,0.0,1324.0,dpsManual,null,null,null,-1,Manual,2.0,0.0,null,0,0,null,null,null,null,null,dit_Item,tNO,tNO,null,null,1933.0,3866.0,0.0,3866.0,-1,null,tNO,0.0,null,-1,null,tNO,DESPACHO,ALVAREZ DE TOLEDO\r\rSANTIAGO\rCHILE,11,0.0,0.0,0.0,0.0,0,0,null,tNO,null,null,null,null,1807.0,IVA,1,617.0,617.0,0.0,19.0,5487,0,0,0.0,0.0,0.0,0.0
4481,1,15-11-HC102,BASE AUTOADHESIVA 25 x 25mm (100 U),1.0,2022-09-29,8058.0,9589.0,$,0.0,0.0,,null,BVM,20,0.0,iNotATree,410101001,tNO,,VICTORIA,,null,IVA,0.0,null,0.0,null,0.0,null,0.0,null,0.0,null,0.0,null,1.0,1.0,1.0,1.0,23,7289,1,0.0,4,0.0,null,0.0,null,Vicuña Mackena\r\rSANTIAGO\rCHILE,IVA,tt_Yes,tYES,tNO,0.0,null,null,tYES,,-1,null,,null,ciis_ShouldBe,0.0,0.0,1531.0,0.0,1531.0,tNO,tNO,0.0,0.0,0.0,0.0,1531.0,0.0,1531.0,null,1.0,8058.0,19.0,1531.0,tYES,0.0,0.0,0.0,null,,null,tYES,0.0,8058.0,0.0,0.0,0.0,0.0,0.0,0.0,0.0,0.0,dlps_NotPicked,0.0,0.0,0.0,null,null,null,tNO,1,1.0,8058.0,bost_Close,1.0,,dlt_Regular,VICTORIA,510101001,N,4455.0,-5,4455.0,MISCELA,COM,null,null,null,null,null,0.0,8058.0,0.0,8058.0,null,null,0.0,MISCELA,COM,null,null,null,null,null,null,tNO,null,null,null,null,5487,0.0,0.0,0.0,tNO,tNO,0.0,0.0,tNO,null,null,null,null,null,null,3603.0,0.0,3603.0,dpsManual,null,null,null,-1,Manual,1.0,0.0,null,0,0,null,null,null,null,null,dit_Item,tNO,tNO,null,null,9589.0,9589.0,0.0,9589.0,-1,null,tNO,0.0,null,-1,null,tNO,DESPACHO,ALVAREZ DE TOLEDO\r\rSANTIAGO\rCHILE,11,0.0,0.0,0.0,0.0,0,0,null,tNO,null,null,null,null,534.0,IVA,1,1531.0,1531.0,0.0,19.0,5487,1,1,0.0,0.0,0.0,0.0
4481,2,15-11-HC101,BASE AUTOADHESIVA 20 x 20 mm (100 U),1.0,2022-09-29,6320.0,7521.0,$,0.0,0.0,,null,BVM,20,0.0,iNotATree,410101001,tNO,,VICTORIA,,null,IVA,0.0,null,0.0,null,0.0,null,0.0,null,0.0,null,0.0,null,1.0,1.0,1.0,1.0,23,7289,2,0.0,4,0.0,null,0.0,null,Vicuña Mackena\r\rSANTIAGO\rCHILE,IVA,tt_Yes,tYES,tNO,0.0,null,null,tYES,,-1,null,,null,ciis_ShouldBe,0.0,0.0,1201.0,0.0,1201.0,tNO,tNO,0.0,0.0,0.0,0.0,1201.0,0.0,1201.0,null,1.0,6320.0,19.0,1201.0,tYES,0.0,0.0,0.0,null,,null,tYES,0.0,6320.0,0.0,0.0,0.0,0.0,0.0,0.0,0.0,0.0,dlps_NotPicked,0.0,0.0,0.0,null,null,null,tNO,2,1.0,6320.0,bost_Close,1.0,,dlt_Regular,VICTORIA,510101001,N,3134.0,-5,3134.0,MISCELA,COM,null,null,null,null,null,0.0,6320.0,0.0,6320.0,null,null,0.0,MISCELA,COM,null,null,null,null,null,null,tNO,null,null,null,null,5487,0.0,0.0,0.0,tNO,tNO,0.0,0.0,tNO,null,null,null,null,null,null,3186.0,0.0,3186.0,dpsManual,null,null,null,-1,Manual,1.0,0.0,null,0,0,null,null,null,null,null,dit_Item,tNO,tNO,null,null,7521.0,7521.0,0.0,7521.0,-1,null,tNO,0.0,null,-1,null,tNO,DESPACHO,ALVAREZ DE TOLEDO\r\rSANTIAGO\rCHILE,11,0.0,0.0,0.0,0.0,0,0,null,tNO,null,null,null,null,690.0,IVA,1,1201.0,1201.0,0.0,19.0,5487,2,2,0.0,0.0,0.0,0.0
4481,3,15-14-SM1-1BN6,"MC Nº 1 CAFE (0,5 - 1,5 mm2) 30N/T",5.0,2022-09-29,969.0,1153.0,$,0.0,0.0,,null,BVM,20,0.0,iNotATree,410101001,tNO,,VICTORIA,,null,IVA,0.0,null,0.0,null,0.0,null,0.0,null,0.0,null,0.0,null,1.0,1.0,1.0,1.0,23,7289,3,0.0,4,0.0,null,0.0,null,Vicuña Mackena\r\rSANTIAGO\rCHILE,IVA,tt_Yes,tYES,tNO,0.0,null,null,tYES,,-1,null,,null,ciis_ShouldBe,0.0,0.0,920.0,0.0,920.0,tNO,tNO,0.0,0.0,0.0,0.0,920.0,0.0,920.0,null,1.0,4845.0,19.0,920.0,tYES,0.0,0.0,0.0,null,,null,tYES,0.0,4845.0,0.0,0.0,0.0,0.0,0.0,0.0,0.0,0.0,dlps_NotPicked,0.0,0.0,0.0,null,null,null,tNO,3,5.0,969.0,bost_Close,5.0,,dlt_Regular,VICTORIA,510101001,N,567.0,-5,2837.0,MISCELA,COM,null,null,null,null,null,0.0,4845.0,0.0,4845.0,null,null,0.0,MISCELA,COM,null,null,null,null,null,null,tNO,null,null,null,null,5487,0.0,0.0,0.0,tNO,tNO,0.0,0.0,tNO,null,null,null,null,null,null,2008.0,0.0,2008.0,dpsManual,null,null,null,-1,Manual,5.0,0.0,null,0,0,null,null,null,null,null,dit_Item,tNO,tNO,null,null,1153.0,5765.0,0.0,5765.0,-1,null,tNO,0.0,null,-1,null,tNO,DESPACHO,ALVAREZ DE TOLEDO\r\rSANTIAGO\rCHILE,11,0.0,0.0,0.0,0.0,0,0,null,tNO,null,null,null,null,24.0,IVA,1,920.0,920.0,0.0,19.0,5487,3,3,0.0,0.0,0.0,0.0
4481,4,15-14-SM1-2RD,"MC Nº 2 ROJO (0,5 - 1,5 mm2) 30N/T",5.0,2022-09-29,969.0,1153.0,$,0.0,0.0,,null,BVM,20,0.0,iNotATree,410101001,tNO,,VICTORIA,,null,IVA,0.0,null,0.0,null,0.0,null,0.0,null,0.0,null,0.0,null,1.0,1.0,1.0,1.0,23,7289,4,0.0,4,0.0,null,0.0,null,Vicuña Mackena\r\rSANTIAGO\rCHILE,IVA,tt_Yes,tYES,tNO,0.0,null,null,tYES,,-1,null,,null,ciis_ShouldBe,0.0,0.0,921.0,0.0,921.0,tNO,tNO,0.0,0.0,0.0,0.0,921.0,0.0,921.0,null,1.0,4845.0,19.0,921.0,tYES,0.0,0.0,0.0,null,,null,tYES,0.0,4845.0,0.0,0.0,0.0,0.0,0.0,0.0,0.0,0.0,dlps_NotPicked,0.0,0.0,0.0,null,null,null,tNO,4,5.0,969.0,bost_Close,5.0,,dlt_Regular,VICTORIA,510101001,N,502.0,-5,2510.0,MISCELA,COM,null,null,null,null,null,0.0,4845.0,0.0,4845.0,null,null,0.0,MISCELA,COM,null,null,null,null,null,null,tNO,null,null,null,null,5487,0.0,0.0,0.0,tNO,tNO,0.0,0.0,tNO,null,null,null,null,null,null,2335.0,0.0,2335.0,dpsManual,null,null,null,-1,Manual,5.0,0.0,null,0,0,null,null,null,null,null,dit_Item,tNO,tNO,null,null,1153.0,5765.0,0.0,5765.0,-1,null,tNO,0.0,null,-1,null,tNO,DESPACHO,ALVAREZ DE TOLEDO\r\rSANTIAGO\rCHILE,11,0.0,0.0,0.0,0.0,0,0,null,tNO,null,null,null,null,261.0,IVA,1,921.0,921.0,0.0,19.0,5487,4,4,0.0,0.0,0.0,0.0
4486,0,18-19-H2-18,BARRA TERMINAL 18 x 2,2.0,2022-09-29,6106.0,7266.0,$,0.0,0.0,,null,BVM,20,0.0,iNotATree,410101001,tNO,,VICTORIA,,null,IVA,0.0,null,0.0,null,0.0,null,0.0,null,0.0,null,0.0,null,1.0,1.0,1.0,1.0,23,7297,0,0.0,4,0.0,null,0.0,null,Vicuña Mackena\r\rSANTIAGO\rCHILE,IVA,tt_Yes,tYES,tNO,0.0,null,null,tYES,,-1,null,,null,ciis_ShouldBe,0.0,0.0,2320.0,0.0,2320.0,tNO,tNO,0.0,0.0,0.0,0.0,2320.0,0.0,2320.0,null,1.0,12212.0,19.0,2320.0,tYES,0.0,0.0,0.0,null,,null,tYES,0.0,12212.0,0.0,0.0,0.0,0.0,0.0,0.0,0.0,0.0,dlps_NotPicked,0.0,0.0,0.0,null,null,null,tNO,0,2.0,6106.0,bost_Close,2.0,,dlt_Regular,VICTORIA,510101001,N,3573.0,-5,7146.0,MISCELA,COM,null,null,null,null,null,0.0,12212.0,0.0,12212.0,null,null,0.0,MISCELA,COM,null,null,null,null,null,null,tNO,null,null,null,null,5492,0.0,0.0,0.0,tNO,tNO,0.0,0.0,tNO,null,null,null,null,null,null,5066.0,0.0,5066.0,dpsManual,null,null,null,-1,Manual,2.0,0.0,null,0,0,null,null,null,null,null,dit_Item,tNO,tNO,null,null,7266.0,14532.0,0.0,14532.0,-1,null,tNO,0.0,null,-1,null,tNO,DESPACHO,PUMA 1357\r\rSANTIAGO\rCHILE,11,0.0,0.0,0.0,0.0,0,0,null,tNO,null,null,null,null,1392.0,IVA,1,2320.0,2320.0,0.0,19.0,5492,0,0,0.0,0.0,0.0,0.0
4486,1,19-24-01EBS-25,SOPORTE PARA BARRA TERMINAL 2 VIAS,4.0,2022-09-29,464.0,552.0,$,0.0,0.0,,null,BVM,20,0.0,iNotATree,410101001,tNO,,VICTORIA,,null,IVA,0.0,null,0.0,null,0.0,null,0.0,null,0.0,null,0.0,null,1.0,1.0,1.0,1.0,23,7297,1,0.0,4,0.0,null,0.0,null,Vicuña Mackena\r\rSANTIAGO\rCHILE,IVA,tt_Yes,tYES,tNO,0.0,null,null,tYES,,-1,null,,null,ciis_ShouldBe,0.0,0.0,353.0,0.0,353.0,tNO,tNO,0.0,0.0,0.0,0.0,353.0,0.0,353.0,null,1.0,1856.0,19.0,353.0,tYES,0.0,0.0,0.0,null,,null,tYES,0.0,1856.0,0.0,0.0,0.0,0.0,0.0,0.0,0.0,0.0,dlps_NotPicked,0.0,0.0,0.0,null,null,null,tNO,1,4.0,464.0,bost_Close,4.0,,dlt_Regular,VICTORIA,510101001,N,249.0,-5,997.0,MISCELA,COM,null,null,null,null,null,0.0,1856.0,0.0,1856.0,null,null,0.0,MISCELA,COM,null,null,null,null,null,null,tNO,null,null,null,null,5492,0.0,0.0,0.0,tNO,tNO,0.0,0.0,tNO,null,null,null,null,null,null,859.0,0.0,859.0,dpsManual,null,null,null,-1,Manual,4.0,0.0,null,0,0,null,null,null,null,null,dit_Item,tNO,tNO,null,null,552.0,2208.0,0.0,2208.0,-1,null,tNO,0.0,null,-1,null,tNO,DESPACHO,PUMA 1357\r\rSANTIAGO\rCHILE,11,0.0,0.0,0.0,0.0,0,0,null,tNO,null,null,null,null,6353.0,IVA,1,353.0,353.0,0.0,19.0,5492,1,1,0.0,0.0,0.0,0.0
4486,2,18-14-LED22-R,LUZ PILOTO LED AC220 ROJO,3.0,2022-09-29,723.0,860.0,$,0.0,0.0,,null,BVM,20,0.0,iNotATree,410101001,tNO,,VICTORIA,,null,IVA,0.0,null,0.0,null,0.0,null,0.0,null,0.0,null,0.0,null,1.0,1.0,1.0,1.0,23,7297,2,0.0,4,0.0,null,0.0,null,Vicuña Mackena\r\rSANTIAGO\rCHILE,IVA,tt_Yes,tYES,tNO,0.0,null,18-14-LED22-A,tYES,,-1,null,,null,ciis_ShouldBe,0.0,0.0,412.0,0.0,412.0,tNO,tNO,0.0,0.0,0.0,0.0,412.0,0.0,412.0,null,1.0,2169.0,19.0,412.0,tYES,0.0,0.0,0.0,null,,null,tYES,0.0,2169.0,0.0,0.0,0.0,0.0,0.0,0.0,0.0,0.0,dlps_NotPicked,0.0,0.0,0.0,null,null,null,tNO,2,3.0,723.0,bost_Close,3.0,,dlt_Regular,VICTORIA,510101001,N,364.0,-5,1092.0,MISCELA,COM,null,null,null,null,null,0.0,2169.0,0.0,2169.0,null,null,0.0,MISCELA,COM,null,null,null,null,null,null,tNO,null,null,null,null,5492,0.0,0.0,0.0,tNO,tNO,0.0,0.0,tNO,null,null,null,null,null,null,1077.0,0.0,1077.0,dpsManual,null,null,null,-1,Manual,3.0,0.0,null,0,0,null,null,null,null,null,dit_Item,tNO,tNO,null,null,860.0,2580.0,0.0,2580.0,-1,null,tNO,0.0,null,-1,null,tNO,DESPACHO,PUMA 1357\r\rSANTIAGO\rCHILE,11,0.0,0.0,0.0,0.0,0,0,null,tNO,null,null,null,null,3339.0,IVA,1,412.0,412.0,0.0,19.0,5492,2,2,0.0,0.0,0.0,0.0
4486,3,19-15-BUK411,REPARTIDOR TETRAPOLAR 125A 11 POSIC.,1.0,2022-09-29,10111.0,12032.0,$,0.0,0.0,,null,BVM,20,0.0,iNotATree,410101001,tNO,,VICTORIA,,null,IVA,0.0,null,0.0,null,0.0,null,0.0,null,0.0,null,0.0,null,1.0,1.0,1.0,1.0,23,7297,3,0.0,4,0.0,null,0.0,null,Vicuña Mackena\r\rSANTIAGO\rCHILE,IVA,tt_Yes,tYES,tNO,0.0,null,19-15-BUK211,tYES,,-1,null,,null,ciis_ShouldBe,0.0,0.0,1921.0,0.0,1921.0,tNO,tNO,0.0,0.0,0.0,0.0,1921.0,0.0,1921.0,null,1.0,10111.0,19.0,1921.0,tYES,0.0,0.0,0.0,null,,null,tYES,0.0,10111.0,0.0,0.0,0.0,0.0,0.0,0.0,0.0,0.0,dlps_NotPicked,0.0,0.0,0.0,null,null,null,tNO,3,1.0,10111.0,bost_Close,1.0,,dlt_Regular,VICTORIA,510101001,N,5537.0,-5,5537.0,MISCELA,COM,null,null,null,null,null,0.0,10111.0,0.0,10111.0,null,null,0.0,MISCELA,COM,null,null,null,null,null,null,tNO,null,null,null,null,5492,0.0,0.0,0.0,tNO,tNO,0.0,0.0,tNO,null,null,null,null,null,null,4574.0,0.0,4574.0,dpsManual,null,null,null,-1,Manual,1.0,0.0,null,0,0,null,null,null,null,null,dit_Item,tNO,tNO,null,null,12032.0,12032.0,0.0,12032.0,-1,null,tNO,0.0,null,-1,null,tNO,DESPACHO,PUMA 1357\r\rSANTIAGO\rCHILE,11,0.0,0.0,0.0,0.0,0,0,null,tNO,null,null,null,null,13.0,IVA,1,1921.0,1921.0,0.0,19.0,5492,3,3,0.0,0.0,0.0,0.0
4486,4,15-11-CV300S-D,"AMARRA PLAST 300 x 4,8mm (100 U)",1.0,2022-09-29,3579.0,4259.0,$,0.0,0.0,,null,BVM,20,0.0,iNotATree,410101001,tNO,,VICTORIA,,null,IVA,0.0,null,0.0,null,0.0,null,0.0,null,0.0,null,0.0,null,1.0,1.0,1.0,1.0,23,7297,4,0.0,4,0.0,null,0.0,null,Vicuña Mackena\r\rSANTIAGO\rCHILE,IVA,tt_Yes,tYES,tNO,0.0,null,null,tYES,,-1,null,,null,ciis_ShouldBe,0.0,0.0,680.0,0.0,680.0,tNO,tNO,0.0,0.0,0.0,0.0,680.0,0.0,680.0,null,1.0,3579.0,19.0,680.0,tYES,0.0,0.0,0.0,null,,null,tYES,0.0,3579.0,0.0,0.0,0.0,0.0,0.0,0.0,0.0,0.0,dlps_NotPicked,0.0,0.0,0.0,null,null,null,tNO,4,1.0,3579.0,bost_Close,1.0,,dlt_Regular,VICTORIA,510101001,N,2117.0,-5,2117.0,MISCELA,COM,null,null,null,null,null,0.0,3579.0,0.0,3579.0,null,null,0.0,MISCELA,COM,null,null,null,null,null,null,tNO,null,null,null,null,5492,0.0,0.0,0.0,tNO,tNO,0.0,0.0,tNO,null,null,null,null,null,null,1462.0,0.0,1462.0,dpsManual,null,null,null,-1,Manual,1.0,0.0,null,0,0,null,null,null,null,null,dit_Item,tNO,tNO,null,null,4259.0,4259.0,0.0,4259.0,-1,null,tNO,0.0,null,-1,null,tNO,DESPACHO,PUMA 1357\r\rSANTIAGO\rCHILE,11,0.0,0.0,0.0,0.0,0,0,null,tNO,null,null,null,null,2265.0,IVA,1,680.0,680.0,0.0,19.0,5492,4,4,0.0,0.0,0.0,0.0
4555,0,11-11-25009,CHAPA TRIANGULO POLIAMIDA,5.0,2022-09-30,485.0,577.0,$,0.0,0.0,,null,BVM,20,0.0,iNotATree,410101001,tNO,,VICTORIA,,null,IVA,0.0,null,0.0,null,0.0,null,0.0,null,0.0,null,0.0,null,1.0,1.0,1.0,1.0,23,7444,0,0.0,4,0.0,null,0.0,null,Vicuña Mackena\r\rSANTIAGO\rCHILE,IVA,tt_Yes,tYES,tNO,0.0,null,null,tYES,,-1,null,,null,ciis_ShouldBe,0.0,0.0,461.0,0.0,461.0,tNO,tNO,0.0,0.0,0.0,0.0,461.0,0.0,461.0,null,1.0,2425.0,19.0,461.0,tYES,0.0,0.0,0.0,null,,null,tYES,0.0,2425.0,0.0,0.0,0.0,0.0,0.0,0.0,0.0,0.0,dlps_NotPicked,0.0,0.0,0.0,null,null,null,tNO,0,5.0,485.0,bost_Close,5.0,,dlt_Regular,VICTORIA,510101001,N,490.0,-5,2451.0,CBE,COM,null,null,null,null,null,0.0,2425.0,0.0,2425.0,null,null,0.0,CBE,COM,null,null,null,null,null,null,tNO,null,null,null,null,5584,0.0,0.0,0.0,tNO,tNO,0.0,0.0,tNO,null,null,null,null,null,null,-26.0,0.0,-26.0,dpsManual,null,null,null,-1,Manual,5.0,0.0,null,0,0,null,null,null,null,null,dit_Item,tNO,tNO,null,null,577.0,2885.0,0.0,2885.0,-1,null,tNO,0.0,null,-1,null,tNO,DESPACHO,SAN ISIDRO 45 OF. 803\r\rSANTIAGO\rCHILE,11,0.0,0.0,0.0,0.0,0,0,null,tNO,null,null,null,null,536.0,IVA,1,461.0,461.0,0.0,19.0,5584,0,0,0.0,0.0,0.0,0.0
4555,1,11-11-24320,LLAVE TRIANGULO POLIAMIDA,1.0,2022-09-30,428.0,509.0,$,0.0,0.0,,null,BVM,20,0.0,iNotATree,410101001,tNO,,VICTORIA,,null,IVA,0.0,null,0.0,null,0.0,null,0.0,null,0.0,null,0.0,null,1.0,1.0,1.0,1.0,23,7444,1,0.0,4,0.0,null,0.0,null,Vicuña Mackena\r\rSANTIAGO\rCHILE,IVA,tt_Yes,tYES,tNO,0.0,null,null,tYES,,-1,null,,null,ciis_ShouldBe,0.0,0.0,81.0,0.0,81.0,tNO,tNO,0.0,0.0,0.0,0.0,81.0,0.0,81.0,null,1.0,428.0,19.0,81.0,tYES,0.0,0.0,0.0,null,,null,tYES,0.0,428.0,0.0,0.0,0.0,0.0,0.0,0.0,0.0,0.0,dlps_NotPicked,0.0,0.0,0.0,null,null,null,tNO,1,1.0,428.0,bost_Close,1.0,,dlt_Regular,VICTORIA,510101001,N,236.0,-5,236.0,CBE,COM,null,null,null,null,null,0.0,428.0,0.0,428.0,null,null,0.0,CBE,COM,null,null,null,null,null,null,tNO,null,null,null,null,5584,0.0,0.0,0.0,tNO,tNO,0.0,0.0,tNO,null,null,null,null,null,null,192.0,0.0,192.0,dpsManual,null,null,null,-1,Manual,1.0,0.0,null,0,0,null,null,null,null,null,dit_Item,tNO,tNO,null,null,509.0,509.0,0.0,509.0,-1,null,tNO,0.0,null,-1,null,tNO,DESPACHO,SAN ISIDRO 45 OF. 803\r\rSANTIAGO\rCHILE,11,0.0,0.0,0.0,0.0,0,0,null,tNO,null,null,null,null,1213.0,IVA,1,81.0,81.0,0.0,19.0,5584,1,1,0.0,0.0,0.0,0.0
4556,0,33-11-PDRL90423,PULSADOR DOBLE RASANTE CENTRO LUMINOSO,3.0,2022-09-30,4640.0,5522.0,$,0.0,5.0,,null,BVM,20,0.0,iNotATree,410101001,tNO,,VICTORIA,,null,IVA,0.0,null,0.0,null,0.0,null,0.0,null,0.0,null,0.0,null,1.0,1.0,1.0,1.0,23,7447,0,0.0,4,0.0,null,0.0,null,Vicuña Mackena\r\rSANTIAGO\rCHILE,IVA,tt_Yes,tYES,tNO,0.0,null,null,tYES,,-1,null,,null,ciis_ShouldBe,0.0,0.0,2645.0,0.0,2645.0,tNO,tNO,0.0,0.0,0.0,0.0,2645.0,0.0,2645.0,null,1.0,13919.0,19.0,2645.0,tYES,0.0,0.0,0.0,null,,null,tYES,0.0,13919.0,0.0,0.0,0.0,0.0,0.0,0.0,0.0,0.0,dlps_NotPicked,0.0,0.0,0.0,null,null,null,tNO,0,3.0,4884.0,bost_Close,3.0,,dlt_Regular,VICTORIA,510101001,N,2516.0,-5,7549.0,MISCELA,COM,null,null,null,null,null,0.0,13919.0,0.0,13919.0,null,null,0.0,MISCELA,COM,null,null,null,null,null,null,tNO,null,null,null,null,5586,0.0,0.0,0.0,tNO,tNO,0.0,0.0,tNO,null,null,null,null,null,null,6370.0,0.0,6370.0,dpsManual,null,null,null,-1,Manual,3.0,0.0,null,0,0,null,null,null,null,null,dit_Item,tNO,tNO,null,null,5812.0,16566.0,0.0,16566.0,-1,null,tNO,0.0,null,-1,null,tNO,DESPACHO,LA UNION 8860\r\rSANTIAGO\rCHILE,11,0.0,0.0,0.0,0.0,0,0,null,tNO,null,null,null,null,854.0,IVA,1,2645.0,2645.0,0.0,19.0,5586,0,0,0.0,0.0,0.0,0.0
4556,1,33-13-BAC11,BASE UNIVERSAL PIZZATO,3.0,2022-09-30,518.0,616.0,$,0.0,5.0,,null,BVM,20,0.0,iNotATree,410101001,tNO,,VICTORIA,,null,IVA,0.0,null,0.0,null,0.0,null,0.0,null,0.0,null,0.0,null,1.0,1.0,1.0,1.0,23,7447,1,0.0,4,0.0,null,0.0,null,Vicuña Mackena\r\rSANTIAGO\rCHILE,IVA,tt_Yes,tYES,tNO,0.0,null,null,tYES,,-1,null,,null,ciis_ShouldBe,0.0,0.0,295.0,0.0,295.0,tNO,tNO,0.0,0.0,0.0,0.0,295.0,0.0,295.0,null,1.0,1553.0,19.0,295.0,tYES,0.0,0.0,0.0,null,,null,tYES,0.0,1553.0,0.0,0.0,0.0,0.0,0.0,0.0,0.0,0.0,dlps_NotPicked,0.0,0.0,0.0,null,null,null,tNO,1,3.0,545.0,bost_Close,3.0,,dlt_Regular,VICTORIA,510101001,N,271.0,-5,812.0,MISCELA,COM,null,null,null,null,null,0.0,1553.0,0.0,1553.0,null,null,0.0,MISCELA,COM,null,null,null,null,null,null,tNO,null,null,null,null,5586,0.0,0.0,0.0,tNO,tNO,0.0,0.0,tNO,null,null,null,null,null,null,741.0,0.0,741.0,dpsManual,null,null,null,-1,Manual,3.0,0.0,null,0,0,null,null,null,null,null,dit_Item,tNO,tNO,null,null,649.0,1848.0,0.0,1848.0,-1,null,tNO,0.0,null,-1,null,tNO,DESPACHO,LA UNION 8860\r\rSANTIAGO\rCHILE,11,0.0,0.0,0.0,0.0,0,0,null,tNO,null,null,null,null,4750.0,IVA,1,295.0,295.0,0.0,19.0,5586,1,1,0.0,0.0,0.0,0.0
4556,2,33-13-CPO1G2V1,CONTACTO NC PIZZATO,3.0,2022-09-30,2167.0,2579.0,$,0.0,5.0,,null,BVM,20,0.0,iNotATree,410101001,tNO,,VICTORIA,,null,IVA,0.0,null,0.0,null,0.0,null,0.0,null,0.0,null,0.0,null,1.0,1.0,1.0,1.0,23,7447,2,0.0,4,0.0,null,0.0,null,Vicuña Mackena\r\rSANTIAGO\rCHILE,IVA,tt_Yes,tYES,tNO,0.0,null,null,tYES,,-1,null,,null,ciis_ShouldBe,0.0,0.0,1235.0,0.0,1235.0,tNO,tNO,0.0,0.0,0.0,0.0,1235.0,0.0,1235.0,null,1.0,6501.0,19.0,1235.0,tYES,0.0,0.0,0.0,null,,null,tYES,0.0,6501.0,0.0,0.0,0.0,0.0,0.0,0.0,0.0,0.0,dlps_NotPicked,0.0,0.0,0.0,null,null,null,tNO,2,3.0,2281.0,bost_Close,3.0,,dlt_Regular,VICTORIA,510101001,N,1155.0,-5,3464.0,MISCELA,COM,null,null,null,null,null,0.0,6501.0,0.0,6501.0,null,null,0.0,MISCELA,COM,null,null,null,null,null,null,tNO,null,null,null,null,5586,0.0,0.0,0.0,tNO,tNO,0.0,0.0,tNO,null,null,null,null,null,null,3037.0,0.0,3037.0,dpsManual,null,null,null,-1,Manual,3.0,0.0,null,0,0,null,null,null,null,null,dit_Item,tNO,tNO,null,null,2714.0,7737.0,0.0,7737.0,-1,null,tNO,0.0,null,-1,null,tNO,DESPACHO,LA UNION 8860\r\rSANTIAGO\rCHILE,11,0.0,0.0,0.0,0.0,0,0,null,tNO,null,null,null,null,2013.0,IVA,1,1235.0,1235.0,0.0,19.0,5586,2,2,0.0,0.0,0.0,0.0
4556,3,33-13-CP10G2V1,CONTACTO NO PIZZATO,3.0,2022-09-30,2167.0,2579.0,$,0.0,5.0,,null,BVM,20,0.0,iNotATree,410101001,tNO,,VICTORIA,,null,IVA,0.0,null,0.0,null,0.0,null,0.0,null,0.0,null,0.0,null,1.0,1.0,1.0,1.0,23,7447,3,0.0,4,0.0,null,0.0,null,Vicuña Mackena\r\rSANTIAGO\rCHILE,IVA,tt_Yes,tYES,tNO,0.0,null,null,tYES,,-1,null,,null,ciis_ShouldBe,0.0,0.0,1235.0,0.0,1235.0,tNO,tNO,0.0,0.0,0.0,0.0,1235.0,0.0,1235.0,null,1.0,6501.0,19.0,1235.0,tYES,0.0,0.0,0.0,null,,null,tYES,0.0,6501.0,0.0,0.0,0.0,0.0,0.0,0.0,0.0,0.0,dlps_NotPicked,0.0,0.0,0.0,null,null,null,tNO,3,3.0,2281.0,bost_Close,3.0,,dlt_Regular,VICTORIA,510101001,N,1197.0,-5,3591.0,MISCELA,COM,null,null,null,null,null,0.0,6501.0,0.0,6501.0,null,null,0.0,MISCELA,COM,null,null,null,null,null,null,tNO,null,null,null,null,5586,0.0,0.0,0.0,tNO,tNO,0.0,0.0,tNO,null,null,null,null,null,null,2910.0,0.0,2910.0,dpsManual,null,null,null,-1,Manual,3.0,0.0,null,0,0,null,null,null,null,null,dit_Item,tNO,tNO,null,null,2714.0,7737.0,0.0,7737.0,-1,null,tNO,0.0,null,-1,null,tNO,DESPACHO,LA UNION 8860\r\rSANTIAGO\rCHILE,11,0.0,0.0,0.0,0.0,0,0,null,tNO,null,null,null,null,3235.0,IVA,1,1235.0,1235.0,0.0,19.0,5586,3,3,0.0,0.0,0.0,0.0
4556,4,11-11-25132,CHAPA MANOPLA CLICK,6.0,2022-09-30,4568.0,5436.0,$,0.0,5.0,,null,BVM,20,0.0,iNotATree,410101001,tNO,,VICTORIA,,null,IVA,0.0,null,0.0,null,0.0,null,0.0,null,0.0,null,0.0,null,1.0,1.0,1.0,1.0,23,7447,4,0.0,4,0.0,null,0.0,null,Vicuña Mackena\r\rSANTIAGO\rCHILE,IVA,tt_Yes,tYES,tNO,0.0,null,null,tYES,,-1,null,,null,ciis_ShouldBe,0.0,0.0,5207.0,0.0,5207.0,tNO,tNO,0.0,0.0,0.0,0.0,5207.0,0.0,5207.0,null,1.0,27406.0,19.0,5207.0,tYES,0.0,0.0,0.0,null,,null,tYES,0.0,27406.0,0.0,0.0,0.0,0.0,0.0,0.0,0.0,0.0,dlps_NotPicked,0.0,0.0,0.0,null,null,null,tNO,4,6.0,4808.0,bost_Close,6.0,,dlt_Regular,VICTORIA,510101001,N,2645.0,-5,15870.0,CBE,COM,null,null,null,null,null,0.0,27406.0,0.0,27406.0,null,null,0.0,CBE,COM,null,null,null,null,null,null,tNO,null,null,null,null,5586,0.0,0.0,0.0,tNO,tNO,0.0,0.0,tNO,null,null,null,null,null,null,11536.0,0.0,11536.0,dpsManual,null,null,null,-1,Manual,6.0,0.0,null,0,0,null,null,null,null,null,dit_Item,tNO,tNO,null,null,5722.0,32616.0,0.0,32616.0,-1,null,tNO,0.0,null,-1,null,tNO,DESPACHO,LA UNION 8860\r\rSANTIAGO\rCHILE,11,0.0,0.0,0.0,0.0,0,0,null,tNO,null,null,null,null,91.0,IVA,1,5207.0,5207.0,0.0,19.0,5586,4,4,0.0,0.0,0.0,0.0
4561,0,31-12-E2508,"FERRULE 2,5 mm (14 AWG) GRIS (100 U",50.0,2022-09-30,463.0,551.0,$,0.0,0.0,,null,BVM,20,0.0,iNotATree,410101001,tNO,,VICTORIA,,null,IVA,0.0,null,0.0,null,0.0,null,0.0,null,0.0,null,0.0,null,1.0,1.0,1.0,1.0,23,7453,0,0.0,4,0.0,null,0.0,null,Vicuña Mackena\r\rSANTIAGO\rCHILE,IVA,tt_Yes,tYES,tNO,0.0,null,null,tYES,,-1,null,,null,ciis_ShouldBe,0.0,0.0,4399.0,0.0,4399.0,tNO,tNO,0.0,0.0,0.0,0.0,4399.0,0.0,4399.0,null,1.0,23150.0,19.0,4399.0,tYES,0.0,0.0,0.0,null,,null,tYES,0.0,23150.0,0.0,0.0,0.0,0.0,0.0,0.0,0.0,0.0,dlps_NotPicked,0.0,0.0,0.0,null,null,null,tNO,0,50.0,463.0,bost_Close,50.0,,dlt_Regular,VICTORIA,510101001,N,228.0,-5,11390.0,MISCELA,COM,null,null,null,null,null,0.0,23150.0,0.0,23150.0,null,null,0.0,MISCELA,COM,null,null,null,null,null,null,tNO,null,null,null,null,5591,0.0,0.0,0.0,tNO,tNO,0.0,0.0,tNO,null,null,null,null,null,null,11760.0,0.0,11760.0,dpsManual,null,null,null,-1,Manual,50.0,0.0,null,0,0,null,null,null,null,null,dit_Item,tNO,tNO,null,null,551.0,27550.0,0.0,27550.0,-1,null,tNO,0.0,null,-1,null,tNO,DESPACHO,CARMEN COVARRUBIAS 32 OF.211\r\rSANTIAGO\rCHILE,11,0.0,0.0,0.0,0.0,0,0,null,tNO,null,null,null,null,10418.0,IVA,1,4399.0,4399.0,0.0,19.0,5591,0,0,0.0,0.0,0.0,0.0
4561,1,31-12-E6012,FERRULE 6mm (10 AWG) VERDE (100 U),3.0,2022-09-30,985.0,1172.0,$,0.0,0.0,,null,BVM,20,0.0,iNotATree,410101001,tNO,,VICTORIA,,null,IVA,0.0,null,0.0,null,0.0,null,0.0,null,0.0,null,0.0,null,1.0,1.0,1.0,1.0,23,7453,1,0.0,4,0.0,null,0.0,null,Vicuña Mackena\r\rSANTIAGO\rCHILE,IVA,tt_Yes,tYES,tNO,0.0,null,null,tYES,,-1,null,,null,ciis_ShouldBe,0.0,0.0,561.0,0.0,561.0,tNO,tNO,0.0,0.0,0.0,0.0,561.0,0.0,561.0,null,1.0,2955.0,19.0,561.0,tYES,0.0,0.0,0.0,null,,null,tYES,0.0,2955.0,0.0,0.0,0.0,0.0,0.0,0.0,0.0,0.0,dlps_NotPicked,0.0,0.0,0.0,null,null,null,tNO,1,3.0,985.0,bost_Close,3.0,,dlt_Regular,VICTORIA,510101001,N,476.0,-5,1429.0,MISCELA,COM,null,null,null,null,null,0.0,2955.0,0.0,2955.0,null,null,0.0,MISCELA,COM,null,null,null,null,null,null,tNO,null,null,null,null,5591,0.0,0.0,0.0,tNO,tNO,0.0,0.0,tNO,null,null,null,null,null,null,1526.0,0.0,1526.0,dpsManual,null,null,null,-1,Manual,3.0,0.0,null,0,0,null,null,null,null,null,dit_Item,tNO,tNO,null,null,1172.0,3516.0,0.0,3516.0,-1,null,tNO,0.0,null,-1,null,tNO,DESPACHO,CARMEN COVARRUBIAS 32 OF.211\r\rSANTIAGO\rCHILE,11,0.0,0.0,0.0,0.0,0,0,null,tNO,null,null,null,null,5884.0,IVA,1,561.0,561.0,0.0,19.0,5591,1,1,0.0,0.0,0.0,0.0
4561,2,31-13-TE2508,"FERRULE DOBLE 2,5 mm (14 AWG) GRIS (100 U)",1.0,2022-09-30,988.0,1176.0,$,0.0,0.0,,null,BVM,20,0.0,iNotATree,410101001,tNO,,VICTORIA,,null,IVA,0.0,null,0.0,null,0.0,null,0.0,null,0.0,null,0.0,null,1.0,1.0,1.0,1.0,23,7453,2,0.0,4,0.0,null,0.0,null,Vicuña Mackena\r\rSANTIAGO\rCHILE,IVA,tt_Yes,tYES,tNO,0.0,null,null,tYES,,-1,null,,null,ciis_ShouldBe,0.0,0.0,188.0,0.0,188.0,tNO,tNO,0.0,0.0,0.0,0.0,188.0,0.0,188.0,null,1.0,988.0,19.0,188.0,tYES,0.0,0.0,0.0,null,,null,tYES,0.0,988.0,0.0,0.0,0.0,0.0,0.0,0.0,0.0,0.0,dlps_NotPicked,0.0,0.0,0.0,null,null,null,tNO,2,1.0,988.0,bost_Close,1.0,,dlt_Regular,VICTORIA,510101001,N,521.0,-5,521.0,MISCELA,COM,null,null,null,null,null,0.0,988.0,0.0,988.0,null,null,0.0,MISCELA,COM,null,null,null,null,null,null,tNO,null,null,null,null,5591,0.0,0.0,0.0,tNO,tNO,0.0,0.0,tNO,null,null,null,null,null,null,467.0,0.0,467.0,dpsManual,null,null,null,-1,Manual,1.0,0.0,null,0,0,null,null,null,null,null,dit_Item,tNO,tNO,null,null,1176.0,1176.0,0.0,1176.0,-1,null,tNO,0.0,null,-1,null,tNO,DESPACHO,CARMEN COVARRUBIAS 32 OF.211\r\rSANTIAGO\rCHILE,11,0.0,0.0,0.0,0.0,0,0,null,tNO,null,null,null,null,2054.0,IVA,1,188.0,188.0,0.0,19.0,5591,2,2,0.0,0.0,0.0,0.0
4561,3,31-13-TE4012,FERRULE DOBLE 4mm (12 AWG) NARANJO (100 U),1.0,2022-09-30,1376.0,1637.0,$,0.0,0.0,,null,BVM,20,0.0,iNotATree,410101001,tNO,,VICTORIA,,null,IVA,0.0,null,0.0,null,0.0,null,0.0,null,0.0,null,0.0,null,1.0,1.0,1.0,1.0,23,7453,3,0.0,4,0.0,null,0.0,null,Vicuña Mackena\r\rSANTIAGO\rCHILE,IVA,tt_Yes,tYES,tNO,0.0,null,null,tYES,,-1,null,,null,ciis_ShouldBe,0.0,0.0,261.0,0.0,261.0,tNO,tNO,0.0,0.0,0.0,0.0,261.0,0.0,261.0,null,1.0,1376.0,19.0,261.0,tYES,0.0,0.0,0.0,null,,null,tYES,0.0,1376.0,0.0,0.0,0.0,0.0,0.0,0.0,0.0,0.0,dlps_NotPicked,0.0,0.0,0.0,null,null,null,tNO,3,1.0,1376.0,bost_Close,1.0,,dlt_Regular,VICTORIA,510101001,N,722.0,-5,722.0,MISCELA,COM,null,null,null,null,null,0.0,1376.0,0.0,1376.0,null,null,0.0,MISCELA,COM,null,null,null,null,null,null,tNO,null,null,null,null,5591,0.0,0.0,0.0,tNO,tNO,0.0,0.0,tNO,null,null,null,null,null,null,654.0,0.0,654.0,dpsManual,null,null,null,-1,Manual,1.0,0.0,null,0,0,null,null,null,null,null,dit_Item,tNO,tNO,null,null,1637.0,1637.0,0.0,1637.0,-1,null,tNO,0.0,null,-1,null,tNO,DESPACHO,CARMEN COVARRUBIAS 32 OF.211\r\rSANTIAGO\rCHILE,11,0.0,0.0,0.0,0.0,0,0,null,tNO,null,null,null,null,1917.0,IVA,1,261.0,261.0,0.0,19.0,5591,3,3,0.0,0.0,0.0,0.0
4562,0,31-12-E2508,"FERRULE 2,5 mm (14 AWG) GRIS (100 U",18.0,2022-09-30,463.0,551.0,$,0.0,0.0,,null,BVM,20,0.0,iNotATree,410101001,tNO,,VICTORIA,,null,IVA,0.0,null,0.0,null,0.0,null,0.0,null,0.0,null,0.0,null,1.0,1.0,1.0,1.0,23,7455,0,0.0,4,0.0,null,0.0,null,Vicuña Mackena\r\rSANTIAGO\rCHILE,IVA,tt_Yes,tYES,tNO,0.0,null,null,tYES,,-1,null,,null,ciis_ShouldBe,0.0,0.0,1583.0,0.0,1583.0,tNO,tNO,0.0,0.0,0.0,0.0,1583.0,0.0,1583.0,null,1.0,8334.0,19.0,1583.0,tYES,0.0,0.0,0.0,null,,null,tYES,0.0,8334.0,0.0,0.0,0.0,0.0,0.0,0.0,0.0,0.0,dlps_NotPicked,0.0,0.0,0.0,null,null,null,tNO,0,18.0,463.0,bost_Close,18.0,,dlt_Regular,VICTORIA,510101001,N,228.0,-5,4100.0,MISCELA,COM,null,null,null,null,null,0.0,8334.0,0.0,8334.0,null,null,0.0,MISCELA,COM,null,null,null,null,null,null,tNO,null,null,null,null,5592,0.0,0.0,0.0,tNO,tNO,0.0,0.0,tNO,null,null,null,null,null,null,4234.0,0.0,4234.0,dpsManual,null,null,null,-1,Manual,18.0,0.0,null,0,0,null,null,null,null,null,dit_Item,tNO,tNO,null,null,551.0,9918.0,0.0,9918.0,-1,null,tNO,0.0,null,-1,null,tNO,DESPACHO,CARMEN COVARRUBIAS 32 OF.211\r\rSANTIAGO\rCHILE,11,0.0,0.0,0.0,0.0,0,0,null,tNO,null,null,null,null,10418.0,IVA,1,1583.0,1583.0,0.0,19.0,5592,0,0,0.0,0.0,0.0,0.0
4562,1,31-12-E4012,FERRULE 4mm (12 AWG) NARANJO (100 U),5.0,2022-09-30,865.0,1029.0,$,0.0,0.0,,null,BVM,20,0.0,iNotATree,410101001,tNO,,VICTORIA,,null,IVA,0.0,null,0.0,null,0.0,null,0.0,null,0.0,null,0.0,null,1.0,1.0,1.0,1.0,23,7455,1,0.0,4,0.0,null,0.0,null,Vicuña Mackena\r\rSANTIAGO\rCHILE,IVA,tt_Yes,tYES,tNO,0.0,null,null,tYES,,-1,null,,null,ciis_ShouldBe,0.0,0.0,822.0,0.0,822.0,tNO,tNO,0.0,0.0,0.0,0.0,822.0,0.0,822.0,null,1.0,4325.0,19.0,822.0,tYES,0.0,0.0,0.0,null,,null,tYES,0.0,4325.0,0.0,0.0,0.0,0.0,0.0,0.0,0.0,0.0,dlps_NotPicked,0.0,0.0,0.0,null,null,null,tNO,1,5.0,865.0,bost_Close,5.0,,dlt_Regular,VICTORIA,510101001,N,417.0,-5,2083.0,MISCELA,COM,null,null,null,null,null,0.0,4325.0,0.0,4325.0,null,null,0.0,MISCELA,COM,null,null,null,null,null,null,tNO,null,null,null,null,5592,0.0,0.0,0.0,tNO,tNO,0.0,0.0,tNO,null,null,null,null,null,null,2242.0,0.0,2242.0,dpsManual,null,null,null,-1,Manual,5.0,0.0,null,0,0,null,null,null,null,null,dit_Item,tNO,tNO,null,null,1029.0,5145.0,0.0,5145.0,-1,null,tNO,0.0,null,-1,null,tNO,DESPACHO,CARMEN COVARRUBIAS 32 OF.211\r\rSANTIAGO\rCHILE,11,0.0,0.0,0.0,0.0,0,0,null,tNO,null,null,null,null,8864.0,IVA,1,822.0,822.0,0.0,19.0,5592,1,1,0.0,0.0,0.0,0.0
4562,2,31-12-E6012,FERRULE 6mm (10 AWG) VERDE (100 U),8.0,2022-09-30,985.0,1172.0,$,0.0,0.0,,null,BVM,20,0.0,iNotATree,410101001,tNO,,VICTORIA,,null,IVA,0.0,null,0.0,null,0.0,null,0.0,null,0.0,null,0.0,null,1.0,1.0,1.0,1.0,23,7455,2,0.0,4,0.0,null,0.0,null,Vicuña Mackena\r\rSANTIAGO\rCHILE,IVA,tt_Yes,tYES,tNO,0.0,null,null,tYES,,-1,null,,null,ciis_ShouldBe,0.0,0.0,1497.0,0.0,1497.0,tNO,tNO,0.0,0.0,0.0,0.0,1497.0,0.0,1497.0,null,1.0,7880.0,19.0,1497.0,tYES,0.0,0.0,0.0,null,,null,tYES,0.0,7880.0,0.0,0.0,0.0,0.0,0.0,0.0,0.0,0.0,dlps_NotPicked,0.0,0.0,0.0,null,null,null,tNO,2,8.0,985.0,bost_Close,8.0,,dlt_Regular,VICTORIA,510101001,N,476.0,-5,3810.0,MISCELA,COM,null,null,null,null,null,0.0,7880.0,0.0,7880.0,null,null,0.0,MISCELA,COM,null,null,null,null,null,null,tNO,null,null,null,null,5592,0.0,0.0,0.0,tNO,tNO,0.0,0.0,tNO,null,null,null,null,null,null,4070.0,0.0,4070.0,dpsManual,null,null,null,-1,Manual,8.0,0.0,null,0,0,null,null,null,null,null,dit_Item,tNO,tNO,null,null,1172.0,9376.0,0.0,9376.0,-1,null,tNO,0.0,null,-1,null,tNO,DESPACHO,CARMEN COVARRUBIAS 32 OF.211\r\rSANTIAGO\rCHILE,11,0.0,0.0,0.0,0.0,0,0,null,tNO,null,null,null,null,5884.0,IVA,1,1497.0,1497.0,0.0,19.0,5592,2,2,0.0,0.0,0.0,0.0
4572,0,30-12-TC-18WE,MANGA TC Ø 18 (30 mm) BLANCA,5.0,2022-09-30,892.0,1061.0,$,0.0,0.0,,null,BVM,20,0.0,iNotATree,410101001,tNO,,VICTORIA,,null,IVA,0.0,null,0.0,null,0.0,null,0.0,null,0.0,null,0.0,null,1.0,1.0,1.0,1.0,23,7481,0,0.0,4,0.0,null,0.0,null,Vicuña Mackena\r\rSANTIAGO\rCHILE,IVA,tt_Yes,tYES,tNO,0.0,null,null,tYES,,-1,null,,null,ciis_ShouldBe,0.0,0.0,847.0,0.0,847.0,tNO,tNO,0.0,0.0,0.0,0.0,847.0,0.0,847.0,null,1.0,4460.0,19.0,847.0,tYES,0.0,0.0,0.0,null,,null,tYES,0.0,4460.0,0.0,0.0,0.0,0.0,0.0,0.0,0.0,0.0,dlps_NotPicked,0.0,0.0,0.0,null,null,null,tNO,0,5.0,892.0,bost_Close,5.0,,dlt_Regular,VICTORIA,510101001,N,494.0,-5,2470.0,MISCELA,COM,null,null,null,null,null,0.0,4460.0,0.0,4460.0,null,null,0.0,MISCELA,COM,null,null,null,null,null,null,tNO,null,null,null,null,5603,0.0,0.0,0.0,tNO,tNO,0.0,0.0,tNO,null,null,null,null,null,null,1990.0,0.0,1990.0,dpsManual,null,null,null,-1,Manual,5.0,0.0,null,0,0,null,null,null,null,null,dit_Item,tNO,tNO,null,null,1061.0,5305.0,0.0,5305.0,-1,null,tNO,0.0,null,-1,null,tNO,DESPACHO,MEDINACELLI 1080\r\rSANTIAGO\rCHILE,11,0.0,0.0,0.0,0.0,0,0,null,tNO,null,null,null,null,535.0,IVA,1,847.0,847.0,0.0,19.0,5603,0,0,0.0,0.0,0.0,0.0
4572,1,30-12-TC-18BE,MANGA TC Ø 18 (30 mm) AZUL,5.0,2022-09-30,892.0,1061.0,$,0.0,0.0,,null,BVM,20,0.0,iNotATree,410101001,tNO,,VICTORIA,,null,IVA,0.0,null,0.0,null,0.0,null,0.0,null,0.0,null,0.0,null,1.0,1.0,1.0,1.0,23,7481,1,0.0,4,0.0,null,0.0,null,Vicuña Mackena\r\rSANTIAGO\rCHILE,IVA,tt_Yes,tYES,tNO,0.0,null,null,tYES,,-1,null,,null,ciis_ShouldBe,0.0,0.0,848.0,0.0,848.0,tNO,tNO,0.0,0.0,0.0,0.0,848.0,0.0,848.0,null,1.0,4460.0,19.0,848.0,tYES,0.0,0.0,0.0,null,,null,tYES,0.0,4460.0,0.0,0.0,0.0,0.0,0.0,0.0,0.0,0.0,dlps_NotPicked,0.0,0.0,0.0,null,null,null,tNO,1,5.0,892.0,bost_Close,5.0,,dlt_Regular,VICTORIA,510101001,N,486.0,-5,2430.0,MISCELA,COM,null,null,null,null,null,0.0,4460.0,0.0,4460.0,null,null,0.0,MISCELA,COM,null,null,null,null,null,null,tNO,null,null,null,null,5603,0.0,0.0,0.0,tNO,tNO,0.0,0.0,tNO,null,null,null,null,null,null,2030.0,0.0,2030.0,dpsManual,null,null,null,-1,Manual,5.0,0.0,null,0,0,null,null,null,null,null,dit_Item,tNO,tNO,null,null,1061.0,5305.0,0.0,5305.0,-1,null,tNO,0.0,null,-1,null,tNO,DESPACHO,MEDINACELLI 1080\r\rSANTIAGO\rCHILE,11,0.0,0.0,0.0,0.0,0,0,null,tNO,null,null,null,null,800.0,IVA,1,848.0,848.0,0.0,19.0,5603,1,1,0.0,0.0,0.0,0.0